[
  {
    "Id": "142205",
    "ThreadId": "42790",
    "Html": "<p>Have you looked at ISO 20022 at all?  http://www.iso20022.org/  It is an ISO standard for banking and finance that defines how to model messages in UML and generate matching XML Schemas.  The original version came out in 2004; an updated version will go out for review in 2009 (I'm on the working group for it).</p>\r\n<p>Cheers, Tony.</p>\r\n",
    "PostedDate": "2008-12-21T13:10:24.897-08:00",
    "UserRole": null,
    "MarkedAsAnswerDate": null
  },
  {
    "Id": "142276",
    "ThreadId": "42790",
    "Html": "<p>Hi!</p>\r\n<p>Yes we know about it. In fact, this standard together with the UBL, Health 7 and similars, was a part of our motivation to do this project. We hope that XCase will be practical for that purpose.</p>\r\n<p>Have a nice day!<br>\r\nLuk</p>\r\n",
    "PostedDate": "2008-12-21T23:24:39.793-08:00",
    "UserRole": null,
    "MarkedAsAnswerDate": null
  },
  {
    "Id": "142316",
    "ThreadId": "42790",
    "Html": "<p><span>Dear Tony,<br>\r\n<br>\r\nthank you for your comment on XCase. As you write, ISO20022 defines how to model XML messages in UML. XCase also allows modeling messages in UML but considers moreover an additional layer that abstracts this message layer. This abstract layer allows modeling your data independently of its representation in XML messages. We can consider a concept, e.g. bank account (even though I am not a finance expert at all ;)). It has some attributes and relationships with other concepts. This is an XML-independent description of the concept and you need to somehow model it at the conceptual layer. And you have different XML messages that somehow represent your concept, but each in a different way. Each can represent different attributes and relationships of the concept using different XML element and attribute names.</span></p>\r\n<p><span>This is what XCase allows you to do. You can model your problem domain at the conceptual layer using UML. After that, you can model your XML messages on the base of the conceptual UML diagrams. XCase also checks for consistency between both layers, i.e. if you make a change in a conceptual diagram, it is propagated to all potentially affected XML schemas if you want. We believe that this makes not only design but also maintenance of XML schemas for your XML messages much more effective.<br>\r\n<br>\r\nI am not sure whether you applied such a principle and if you have some specific tool for this. Maybe, XCase would be interesting for you in this way. If you are interested, you can check some academic papers (http://www.ksi.mff.cuni.cz/~necasky/publications.html) that describe a theory XCase was built on.<br>\r\n<br>\r\nCheers, Martin</span></p>\r\n",
    "PostedDate": "2008-12-22T03:28:00.78-08:00",
    "UserRole": null,
    "MarkedAsAnswerDate": null
  }
]