{
  "WorkItem": {
    "AffectedComponent": {
      "Name": "Reverse",
      "DisplayName": "Reverse"
    },
    "ClosedComment": "",
    "ClosedDate": null,
    "CommentCount": 0,
    "Custom": null,
    "Description": "ArgumentException \"An item with the same key has already been added.\" thrown in XSDtoPSM.ProcessGroup stops the proces AND after closing the standard exception window, the Reverse engineering log window is still active topmost and can not be closed (the application must be killed).",
    "LastUpdatedDate": "2017-12-08T02:07:42.317-08:00",
    "PlannedForRelease": "",
    "ReleaseVisibleToPublic": false,
    "Priority": {
      "Name": "High",
      "Severity": 150,
      "Id": 3
    },
    "ProjectName": "xcase",
    "ReportedDate": "2010-07-31T06:36:56.553-07:00",
    "Status": {
      "Name": "Active",
      "Id": 2
    },
    "ReasonClosed": {
      "Name": "Unassigned"
    },
    "Summary": "Reverse engineering fails to complete",
    "Type": {
      "Name": "Issue",
      "Id": 3
    },
    "VoteCount": 1,
    "Id": 6866
  },
  "FileAttachments": [
    {
      "FileId": 2258,
      "FileName": "musicxml.xsd",
      "DownloadUrl": ".\\2258"
    }
  ],
  "Comments": []
}