{
  "WorkItem": {
    "AffectedComponent": {
      "Name": "Model",
      "DisplayName": "Model"
    },
    "ClosedComment": "",
    "ClosedDate": "2008-11-26T04:44:59.553-08:00",
    "CommentCount": 0,
    "Custom": null,
    "Description": "Primitive types should have their XSDimplementation from the beginning (date => xs:date etc.)",
    "LastUpdatedDate": "2017-12-08T02:11:57.173-08:00",
    "PlannedForRelease": "",
    "ReleaseVisibleToPublic": false,
    "Priority": {
      "Name": "High",
      "Severity": 150,
      "Id": 3
    },
    "ProjectName": "xcase",
    "ReportedDate": "2008-11-26T02:01:58.46-08:00",
    "Status": {
      "Name": "Closed",
      "Id": 4
    },
    "ReasonClosed": {
      "Name": "Unassigned"
    },
    "Summary": "SimpleDataTypes XSDImplementatioin",
    "Type": {
      "Name": "Issue",
      "Id": 3
    },
    "VoteCount": 0,
    "Id": 2719
  },
  "FileAttachments": [],
  "Comments": [
    {
      "Message": "Resolved with changeset 18060.",
      "PostedDate": "2008-11-26T04:44:59.553-08:00",
      "Id": -2147483648
    },
    {
      "Message": "",
      "PostedDate": "2013-02-13T13:11:40.313-08:00",
      "Id": -2147483648
    },
    {
      "Message": "",
      "PostedDate": "2013-05-15T18:55:50.197-07:00",
      "Id": -2147483648
    },
    {
      "Message": "",
      "PostedDate": "2017-12-08T02:11:57.173-08:00",
      "Id": -2147483648
    }
  ]
}