{
  "WorkItem": {
    "AffectedComponent": {
      "Name": "",
      "DisplayName": ""
    },
    "ClosedComment": "",
    "ClosedDate": "2008-12-02T13:19:59.26-08:00",
    "CommentCount": 0,
    "Custom": null,
    "Description": "It appears that by default, new PIM attribute multiplicity is 1..1,\nbut using NewAttributeCommand it is lower == null, upper == 1, in which case the MultiplicityString is \"..1\"\n \nIs this the same? Is this correct?",
    "LastUpdatedDate": "2017-12-08T02:11:57.867-08:00",
    "PlannedForRelease": "",
    "ReleaseVisibleToPublic": false,
    "Priority": {
      "Name": "Low",
      "Severity": 50,
      "Id": 1
    },
    "ProjectName": "xcase",
    "ReportedDate": "2008-12-01T05:26:03.193-08:00",
    "Status": {
      "Name": "Closed",
      "Id": 4
    },
    "ReasonClosed": {
      "Name": "Unassigned"
    },
    "Summary": "AttributeMultiplicity mixed up?",
    "Type": {
      "Name": "Issue",
      "Id": 3
    },
    "VoteCount": 1,
    "Id": 2759
  },
  "FileAttachments": [],
  "Comments": [
    {
      "Message": "The default multiplicity should be either 1 or 1..1 (regarding the multiplicity string). \"..1\" is a nonsense (I already talked about it during one of the meetings in the past).\r\nIn the model the most correct representation is IMHO lower = 1, upper = 1. I don't remember why Trupik wanted to allow lower=null, but I think that it was to easier just this situation (to visualize the multiplicity of 1..1 type as just one number).",
      "PostedDate": "2008-12-02T05:59:08.38-08:00",
      "Id": -2147483648
    },
    {
      "Message": "Resolved with changeset 18194.",
      "PostedDate": "2008-12-02T13:19:59.26-08:00",
      "Id": -2147483648
    },
    {
      "Message": "",
      "PostedDate": "2013-02-13T13:11:34.85-08:00",
      "Id": -2147483648
    },
    {
      "Message": "",
      "PostedDate": "2013-05-15T18:55:46.337-07:00",
      "Id": -2147483648
    },
    {
      "Message": "",
      "PostedDate": "2017-12-08T02:11:57.867-08:00",
      "Id": -2147483648
    }
  ]
}