{
  "WorkItem": {
    "AffectedComponent": {
      "Name": "View",
      "DisplayName": "View"
    },
    "ClosedComment": "",
    "ClosedDate": null,
    "CommentCount": 0,
    "Custom": null,
    "Description": "I propose to hide the cardinality of the composition relationship, since its nature already states that the composite (aggregated) object can exist only in exactly one instance of the aggregate object.",
    "LastUpdatedDate": "2013-02-13T13:11:23.86-08:00",
    "PlannedForRelease": "",
    "ReleaseVisibleToPublic": false,
    "Priority": {
      "Name": "Low",
      "Severity": 50,
      "Id": 1
    },
    "ProjectName": "xcase",
    "ReportedDate": "2009-03-29T10:27:26.313-07:00",
    "Status": {
      "Name": "Proposed",
      "Id": 1
    },
    "ReasonClosed": {
      "Name": "Unassigned"
    },
    "Summary": "Composition relation should not show the cardinality on the aggregate side",
    "Type": {
      "Name": "Feature",
      "Id": 1
    },
    "VoteCount": 1,
    "Id": 3480
  },
  "FileAttachments": [],
  "Comments": []
}