{
  "WorkItem": {
    "AffectedComponent": {
      "Name": "",
      "DisplayName": ""
    },
    "ClosedComment": "It doesn't do it anymore",
    "ClosedDate": "2008-11-23T13:11:53.3-08:00",
    "CommentCount": 0,
    "Custom": null,
    "Description": "Clicking on MultiplicityLabel of PSMAssociation causes exception",
    "LastUpdatedDate": "2013-05-15T18:55:52.34-07:00",
    "PlannedForRelease": "",
    "ReleaseVisibleToPublic": false,
    "Priority": {
      "Name": "Medium",
      "Severity": 100,
      "Id": 2
    },
    "ProjectName": "xcase",
    "ReportedDate": "2008-11-22T01:29:55.75-08:00",
    "Status": {
      "Name": "Closed",
      "Id": 4
    },
    "ReasonClosed": {
      "Name": "Unassigned"
    },
    "Summary": "Clicking on MultiplicityLabel of PSMAssociation causes exception",
    "Type": {
      "Name": "Issue",
      "Id": 3
    },
    "VoteCount": 1,
    "Id": 2683
  },
  "FileAttachments": [],
  "Comments": []
}