{
  "WorkItem": {
    "AffectedComponent": {
      "Name": "",
      "DisplayName": ""
    },
    "ClosedComment": "",
    "ClosedDate": "2008-11-27T13:03:43.443-08:00",
    "CommentCount": 0,
    "Custom": null,
    "Description": "Delete PSM Diagram doesn't delete its elements",
    "LastUpdatedDate": "2013-05-15T18:55:49.743-07:00",
    "PlannedForRelease": "",
    "ReleaseVisibleToPublic": false,
    "Priority": {
      "Name": "High",
      "Severity": 150,
      "Id": 3
    },
    "ProjectName": "xcase",
    "ReportedDate": "2008-11-27T08:08:42.82-08:00",
    "Status": {
      "Name": "Closed",
      "Id": 4
    },
    "ReasonClosed": {
      "Name": "Unassigned"
    },
    "Summary": "Delete PSM Diagram doesn't delete its elements",
    "Type": {
      "Name": "Issue",
      "Id": 3
    },
    "VoteCount": 1,
    "Id": 2725
  },
  "FileAttachments": [],
  "Comments": [
    {
      "Message": "Resolved with changeset 18093.",
      "PostedDate": "2008-11-27T13:03:43.443-08:00",
      "Id": -2147483648
    },
    {
      "Message": "",
      "PostedDate": "2013-02-13T13:11:39.797-08:00",
      "Id": -2147483648
    },
    {
      "Message": "",
      "PostedDate": "2013-05-15T18:55:49.743-07:00",
      "Id": -2147483648
    }
  ]
}