{
  "WorkItem": {
    "AffectedComponent": {
      "Name": "Controller",
      "DisplayName": "Controller"
    },
    "ClosedComment": "",
    "ClosedDate": "2008-12-16T12:56:27.857-08:00",
    "CommentCount": 0,
    "Custom": null,
    "Description": "Layouting is called for each element when opening closed diagram. \nWhen I open a diagram, I see\n \nLayouting...\nLayouting...\nLayouting...\nLayouting...\nLayouting...\nLayouting...\nLayouting...\n \nBigger diagrams thus take SECONDS to open.",
    "LastUpdatedDate": "2013-05-15T18:55:40.297-07:00",
    "PlannedForRelease": "",
    "ReleaseVisibleToPublic": false,
    "Priority": {
      "Name": "High",
      "Severity": 150,
      "Id": 3
    },
    "ProjectName": "xcase",
    "ReportedDate": "2008-12-09T08:31:53.747-08:00",
    "Status": {
      "Name": "Closed",
      "Id": 4
    },
    "ReasonClosed": {
      "Name": "Unassigned"
    },
    "Summary": "Layouting performance troubles when opening diagram",
    "Type": {
      "Name": "Issue",
      "Id": 3
    },
    "VoteCount": 0,
    "Id": 2832
  },
  "FileAttachments": [],
  "Comments": [
    {
      "Message": "Resolved with changeset 19278.",
      "PostedDate": "2008-12-16T12:56:27.857-08:00",
      "Id": -2147483648
    },
    {
      "Message": "",
      "PostedDate": "2013-02-13T13:11:27.31-08:00",
      "Id": -2147483648
    },
    {
      "Message": "",
      "PostedDate": "2013-05-15T18:55:40.297-07:00",
      "Id": -2147483648
    }
  ]
}