{
  "WorkItem": {
    "AffectedComponent": {
      "Name": "",
      "DisplayName": ""
    },
    "ClosedComment": "Fixed, but now the schema contains an empty attribute group. At least it is valid, no easy way to change this behavior now. ",
    "ClosedDate": "2009-10-12T03:41:16.787-07:00",
    "CommentCount": 0,
    "Custom": null,
    "Description": "SR with no attributes creates reference to a non-existing attribute group (Class1-a)\n \nPIM diagram: Class1-Class2\nPSM diagram: Class1-Class2-SR_Class1\n \nXML Schema:\n \n<?xml version=\"1.0\" encoding=\"utf-8\"?>\n<xs:schema xmlns=\"http//www.example.org/\"\n targetNamespace=\"http//www.example.org/\"\n xmlns:xs=\"http://www.w3.org/2001/XMLSchema\">\n  <xs:element name=\"Class1\" type=\"Class1\" />\n \n  <xs:complexType name=\"Class1\">\n    <xs:sequence>\n      <xs:group ref=\"Class1-c\" />\n    </xs:sequence>\n  </xs:complexType>\n \n  <xs:group name=\"Class1-c\">\n    <xs:sequence>\n      <xs:element name=\"Class2\" type=\"Class2\" />\n    </xs:sequence>\n  </xs:group>\n \n  <xs:complexType name=\"Class2\">\n    <xs:sequence>\n      <xs:element name=\"Class1\" type=\"Class12\" />\n    </xs:sequence>\n  </xs:complexType>\n \n  <xs:complexType name=\"Class12\">\n    <xs:sequence>\n      <xs:group ref=\"Class1-c\" />\n    </xs:sequence>\n    <xs:attributeGroup ref=\"Class1-a\" />\n  </xs:complexType>\n \n</xs:schema>",
    "LastUpdatedDate": "2013-05-15T18:55:35.81-07:00",
    "PlannedForRelease": "",
    "ReleaseVisibleToPublic": false,
    "Priority": {
      "Name": "Low",
      "Severity": 50,
      "Id": 1
    },
    "ProjectName": "xcase",
    "ReportedDate": "2009-10-08T00:27:28.21-07:00",
    "Status": {
      "Name": "Closed",
      "Id": 4
    },
    "ReasonClosed": {
      "Name": "Unassigned"
    },
    "Summary": "Bad translation",
    "Type": {
      "Name": "Issue",
      "Id": 3
    },
    "VoteCount": 1,
    "Id": 4415
  },
  "FileAttachments": [],
  "Comments": []
}