{
  "WorkItem": {
    "AffectedComponent": {
      "Name": "Controller",
      "DisplayName": "Controller"
    },
    "ClosedComment": "",
    "ClosedDate": "2008-11-26T02:38:35.837-08:00",
    "CommentCount": 0,
    "Custom": null,
    "Description": "Remove PSM attribute from Attribute Container not working",
    "LastUpdatedDate": "2013-05-15T18:55:50.363-07:00",
    "PlannedForRelease": "",
    "ReleaseVisibleToPublic": false,
    "Priority": {
      "Name": "Medium",
      "Severity": 100,
      "Id": 2
    },
    "ProjectName": "xcase",
    "ReportedDate": "2008-11-26T01:52:56.667-08:00",
    "Status": {
      "Name": "Closed",
      "Id": 4
    },
    "ReasonClosed": {
      "Name": "Unassigned"
    },
    "Summary": "Remove PSM attribute from Attribute Container not working",
    "Type": {
      "Name": "Issue",
      "Id": 3
    },
    "VoteCount": 0,
    "Id": 2718
  },
  "FileAttachments": [],
  "Comments": [
    {
      "Message": "RemoveAttribute is called on PSM_ClassController instead of PSM_AttributeContainterController",
      "PostedDate": "2008-11-26T02:12:13.767-08:00",
      "Id": -2147483648
    },
    {
      "Message": "My mistake,  ControlsPSMAttributes class is in PSM_ClassController file...",
      "PostedDate": "2008-11-26T02:20:39.25-08:00",
      "Id": -2147483648
    },
    {
      "Message": "But the problem is caused by ControlsPSMAttributes class which doesn't know it is called from AttributeContainer and doesn't set the AttributeContainer property of RemovePSMAttributeCommand.",
      "PostedDate": "2008-11-26T02:27:31.183-08:00",
      "Id": -2147483648
    },
    {
      "Message": "Resolved with changeset 18057.",
      "PostedDate": "2008-11-26T02:38:35.837-08:00",
      "Id": -2147483648
    },
    {
      "Message": "",
      "PostedDate": "2013-02-13T13:11:40.493-08:00",
      "Id": -2147483648
    },
    {
      "Message": "",
      "PostedDate": "2013-05-15T18:55:50.363-07:00",
      "Id": -2147483648
    }
  ]
}