{
  "WorkItem": {
    "AffectedComponent": {
      "Name": "",
      "DisplayName": ""
    },
    "ClosedComment": "",
    "ClosedDate": "2008-12-10T04:59:01.303-08:00",
    "CommentCount": 0,
    "Custom": null,
    "Description": "Browser view tab should always display the same XML schema currently present in Default view tab.\n \nIf I make a change to the generated schema, this change is taken into account when saving or validating XSD file -> it should be taken into account when switching to Browser view.",
    "LastUpdatedDate": "2017-12-08T02:15:53.987-08:00",
    "PlannedForRelease": "",
    "ReleaseVisibleToPublic": false,
    "Priority": {
      "Name": "High",
      "Severity": 150,
      "Id": 3
    },
    "ProjectName": "xcase",
    "ReportedDate": "2008-12-08T09:17:00.183-08:00",
    "Status": {
      "Name": "Closed",
      "Id": 4
    },
    "ReasonClosed": {
      "Name": "Unassigned"
    },
    "Summary": "Browser view should display the same as Default view",
    "Type": {
      "Name": "Feature",
      "Id": 1
    },
    "VoteCount": 1,
    "Id": 2821
  },
  "FileAttachments": [],
  "Comments": []
}