{
  "WorkItem": {
    "AffectedComponent": {
      "Name": "User interface",
      "DisplayName": "User interface"
    },
    "ClosedComment": "",
    "ClosedDate": "2008-12-13T05:01:43.357-08:00",
    "CommentCount": 0,
    "Custom": null,
    "Description": "1. Undock a dockable window (Properties|Navigator|Project) so it becomes a floating window\n2. Close it\n3. Click on appropriate button in Windows section to make it visible again.\n \nIt does no work for floating window.\nAnyway, after XCase restart the lost floating window is visible again (it is in the same position as when closing)",
    "LastUpdatedDate": "2013-05-15T18:55:44.61-07:00",
    "PlannedForRelease": "",
    "ReleaseVisibleToPublic": false,
    "Priority": {
      "Name": "High",
      "Severity": 150,
      "Id": 3
    },
    "ProjectName": "xcase",
    "ReportedDate": "2008-12-02T14:29:57.83-08:00",
    "Status": {
      "Name": "Closed",
      "Id": 4
    },
    "ReasonClosed": {
      "Name": "Unassigned"
    },
    "Summary": "A dockable window can totally disappear from GUI",
    "Type": {
      "Name": "Issue",
      "Id": 3
    },
    "VoteCount": 1,
    "Id": 2777
  },
  "FileAttachments": [],
  "Comments": [
    {
      "Message": "Resolved with changeset 18796.",
      "PostedDate": "2008-12-13T05:01:43.357-08:00",
      "Id": -2147483648
    },
    {
      "Message": "",
      "PostedDate": "2013-02-13T13:11:32.823-08:00",
      "Id": -2147483648
    },
    {
      "Message": "",
      "PostedDate": "2013-05-15T18:55:44.61-07:00",
      "Id": -2147483648
    }
  ]
}