{
  "WorkItem": {
    "AffectedComponent": {
      "Name": "User interface",
      "DisplayName": "User interface"
    },
    "ClosedComment": "Resolved with changeset 17972",
    "ClosedDate": "2008-11-21T06:27:54.557-08:00",
    "CommentCount": 0,
    "Custom": null,
    "Description": "Last line of following throws InvalidCastException - PSMClass and PSMClassUnion are be both allowed in Components. \n \nif (root is PSMClassUnion)\n{\nPSMClassUnion classUnion = root as PSMClassUnion;\nif (classUnion.Components.Count > 0)\n{\nforeach (PSMSubordinateComponent component in classUnion.Components)",
    "LastUpdatedDate": "2013-05-15T18:55:54.12-07:00",
    "PlannedForRelease": "",
    "ReleaseVisibleToPublic": false,
    "Priority": {
      "Name": "Medium",
      "Severity": 100,
      "Id": 2
    },
    "ProjectName": "xcase",
    "ReportedDate": "2008-11-17T12:32:35.657-08:00",
    "Status": {
      "Name": "Closed",
      "Id": 4
    },
    "ReasonClosed": {
      "Name": "Unassigned"
    },
    "Summary": "Autolayouting can't handle nested class union",
    "Type": {
      "Name": "Issue",
      "Id": 3
    },
    "VoteCount": 0,
    "Id": 2635
  },
  "FileAttachments": [],
  "Comments": []
}