{
  "WorkItem": {
    "AffectedComponent": {
      "Name": "",
      "DisplayName": ""
    },
    "ClosedComment": "",
    "ClosedDate": "2008-12-07T00:50:24.593-08:00",
    "CommentCount": 0,
    "Custom": null,
    "Description": "Clicking on ContentContainer or ClassUnion when ClassUnion's child is selected causes exceptions.\n \nShould ContentContainer even be allowed under ClassUnion?",
    "LastUpdatedDate": "2017-12-08T02:15:53.243-08:00",
    "PlannedForRelease": "",
    "ReleaseVisibleToPublic": false,
    "Priority": {
      "Name": "High",
      "Severity": 150,
      "Id": 3
    },
    "ProjectName": "xcase",
    "ReportedDate": "2008-12-01T12:33:36.577-08:00",
    "Status": {
      "Name": "Closed",
      "Id": 4
    },
    "ReasonClosed": {
      "Name": "Unassigned"
    },
    "Summary": "Clicking on ContentContainer or ClassUnion when ClassUnion's child is selected causes exceptions",
    "Type": {
      "Name": "Issue",
      "Id": 3
    },
    "VoteCount": 1,
    "Id": 2762
  },
  "FileAttachments": [],
  "Comments": [
    {
      "Message": "No it should not. I will fix it.",
      "PostedDate": "2008-12-01T16:05:34.88-08:00",
      "Id": -2147483648
    },
    {
      "Message": "Class union were repaired by luk and the button is no longer enabled for CU.",
      "PostedDate": "2008-12-07T00:49:59.483-08:00",
      "Id": -2147483648
    },
    {
      "Message": "",
      "PostedDate": "2008-12-07T00:50:03.17-08:00",
      "Id": -2147483648
    },
    {
      "Message": "",
      "PostedDate": "2008-12-07T00:50:19.813-08:00",
      "Id": -2147483648
    },
    {
      "Message": "",
      "PostedDate": "2008-12-07T00:50:24.593-08:00",
      "Id": -2147483648
    },
    {
      "Message": "",
      "PostedDate": "2013-02-13T13:11:34.317-08:00",
      "Id": -2147483648
    },
    {
      "Message": "",
      "PostedDate": "2013-05-15T18:55:45.93-07:00",
      "Id": -2147483648
    },
    {
      "Message": "",
      "PostedDate": "2017-12-08T02:15:53.243-08:00",
      "Id": -2147483648
    }
  ]
}