{
  "WorkItem": {
    "AffectedComponent": {
      "Name": "Model",
      "DisplayName": "Model"
    },
    "ClosedComment": "",
    "ClosedDate": "2008-10-12T01:58:42.697-07:00",
    "CommentCount": 0,
    "Custom": null,
    "Description": "When executing NewModelPSMClassCommand, which uses DerivePSMClass() method of PIMClass interface, an exception occurs in _PSMClass contstructor. (\"PSM class can only represent a PIM class!\"). I suspect the error is in \"if (!(representedClass is _Class<NUml.Uml2.Class>) || representedClass is PSMClass)\" where representedPIMClass shoud be used, but changing it only led to another exception \"Fatal error! Cannot find the XSem profile or XSem.PSMClass stereotype!\" so I'm not sure.",
    "LastUpdatedDate": "2017-12-08T02:11:55.433-08:00",
    "PlannedForRelease": "",
    "ReleaseVisibleToPublic": false,
    "Priority": {
      "Name": "Medium",
      "Severity": 100,
      "Id": 2
    },
    "ProjectName": "xcase",
    "ReportedDate": "2008-10-07T02:51:18.147-07:00",
    "Status": {
      "Name": "Closed",
      "Id": 4
    },
    "ReasonClosed": {
      "Name": "Unassigned"
    },
    "Summary": "Cannot use DerivePSMClass() on PIMClass",
    "Type": {
      "Name": "Issue",
      "Id": 3
    },
    "VoteCount": 1,
    "Id": 2425
  },
  "FileAttachments": [],
  "Comments": [
    {
      "Message": "You were right, the error is representedClass instead of representedPIMClass. The second error is caused by missing XSem profile and the stereotypes. They should be created on startup. The solution I propse is to load the stereotypes and every constructs needed on startup from a \"project template\" which would be a serialized blank project loaded by our deserializator.",
      "PostedDate": "2008-10-08T04:07:39.39-07:00",
      "Id": -2147483648
    },
    {
      "Message": "Resolved with changeset 17046.",
      "PostedDate": "2008-10-12T01:58:42.697-07:00",
      "Id": -2147483648
    },
    {
      "Message": "",
      "PostedDate": "2013-02-13T13:11:54.107-08:00",
      "Id": -2147483648
    },
    {
      "Message": "",
      "PostedDate": "2013-05-15T18:56:01.97-07:00",
      "Id": -2147483648
    },
    {
      "Message": "",
      "PostedDate": "2017-12-08T02:11:55.433-08:00",
      "Id": -2147483648
    }
  ]
}