{
  "WorkItem": {
    "AffectedComponent": {
      "Name": "",
      "DisplayName": ""
    },
    "ClosedComment": "",
    "ClosedDate": "2008-11-26T15:53:09.88-08:00",
    "CommentCount": 0,
    "Custom": null,
    "Description": "Maybe PSM Add Attributes should be renamed to Manage Attributes, since it allows removal of attributes as well...",
    "LastUpdatedDate": "2017-12-08T02:15:51.77-08:00",
    "PlannedForRelease": "",
    "ReleaseVisibleToPublic": false,
    "Priority": {
      "Name": "Low",
      "Severity": 50,
      "Id": 1
    },
    "ProjectName": "xcase",
    "ReportedDate": "2008-11-24T14:26:03.84-08:00",
    "Status": {
      "Name": "Closed",
      "Id": 4
    },
    "ReasonClosed": {
      "Name": "Unassigned"
    },
    "Summary": "Rename AddAttributes to Manage Attributes?",
    "Type": {
      "Name": "Task",
      "Id": 2
    },
    "VoteCount": 1,
    "Id": 2706
  },
  "FileAttachments": [],
  "Comments": [
    {
      "Message": "Resolved with changeset 18073.",
      "PostedDate": "2008-11-26T15:53:09.88-08:00",
      "Id": -2147483648
    },
    {
      "Message": "",
      "PostedDate": "2013-02-13T13:11:41.8-08:00",
      "Id": -2147483648
    },
    {
      "Message": "",
      "PostedDate": "2013-05-15T18:55:51.407-07:00",
      "Id": -2147483648
    },
    {
      "Message": "",
      "PostedDate": "2017-12-08T02:15:51.77-08:00",
      "Id": -2147483648
    }
  ]
}