{
  "WorkItem": {
    "AffectedComponent": {
      "Name": "",
      "DisplayName": ""
    },
    "ClosedComment": "",
    "ClosedDate": "2008-10-21T00:16:26.727-07:00",
    "CommentCount": 0,
    "Custom": null,
    "Description": "We need to add support for activating diagrams from commands. This will be done by adding a CommandExecuted handler to MainWindow.",
    "LastUpdatedDate": "2013-05-15T18:56:00.377-07:00",
    "PlannedForRelease": "",
    "ReleaseVisibleToPublic": false,
    "Priority": {
      "Name": "Low",
      "Severity": 50,
      "Id": 1
    },
    "ProjectName": "xcase",
    "ReportedDate": "2008-10-20T04:21:16.637-07:00",
    "Status": {
      "Name": "Closed",
      "Id": 4
    },
    "ReasonClosed": {
      "Name": "Unassigned"
    },
    "Summary": "Allow activating Diagrams from Controller",
    "Type": {
      "Name": "Feature",
      "Id": 1
    },
    "VoteCount": 1,
    "Id": 2480
  },
  "FileAttachments": [],
  "Comments": [
    {
      "Message": "Resolved with changeset 17289.",
      "PostedDate": "2008-10-21T00:16:26.727-07:00",
      "Id": -2147483648
    },
    {
      "Message": "",
      "PostedDate": "2013-02-13T13:11:52.167-08:00",
      "Id": -2147483648
    },
    {
      "Message": "",
      "PostedDate": "2013-05-15T18:56:00.377-07:00",
      "Id": -2147483648
    }
  ]
}