{
  "WorkItem": {
    "AffectedComponent": {
      "Name": "Controller",
      "DisplayName": "Controller"
    },
    "ClosedComment": "",
    "ClosedDate": "2008-11-28T04:12:58.02-08:00",
    "CommentCount": 0,
    "Custom": null,
    "Description": "Dialog Window for PSMAssociation much simpler then the dialog for PIMAssociation (is there anything else to edit than multiplicity?)",
    "LastUpdatedDate": "2013-05-15T18:55:51.83-07:00",
    "PlannedForRelease": "",
    "ReleaseVisibleToPublic": false,
    "Priority": {
      "Name": "Medium",
      "Severity": 100,
      "Id": 2
    },
    "ProjectName": "xcase",
    "ReportedDate": "2008-11-23T11:28:13.03-08:00",
    "Status": {
      "Name": "Closed",
      "Id": 4
    },
    "ReasonClosed": {
      "Name": "Unassigned"
    },
    "Summary": "Dialog window for PSMAssociation",
    "Type": {
      "Name": "Feature",
      "Id": 1
    },
    "VoteCount": 0,
    "Id": 2696
  },
  "FileAttachments": [],
  "Comments": [
    {
      "Message": "Not useful... only Multiplicity would be there",
      "PostedDate": "2008-11-28T04:12:58.02-08:00",
      "Id": -2147483648
    },
    {
      "Message": "",
      "PostedDate": "2013-02-13T13:11:42.293-08:00",
      "Id": -2147483648
    },
    {
      "Message": "",
      "PostedDate": "2013-05-15T18:55:51.83-07:00",
      "Id": -2147483648
    }
  ]
}