{
  "WorkItem": {
    "AffectedComponent": {
      "Name": "",
      "DisplayName": ""
    },
    "ClosedComment": "",
    "ClosedDate": "2008-11-26T04:01:29.617-08:00",
    "CommentCount": 0,
    "Custom": null,
    "Description": "A message should be shown when Undo of a command fails (i.e. DerivedPSMClass exists when undoing addPIMclass).",
    "LastUpdatedDate": "2017-12-08T02:15:51.903-08:00",
    "PlannedForRelease": "",
    "ReleaseVisibleToPublic": false,
    "Priority": {
      "Name": "Low",
      "Severity": 50,
      "Id": 1
    },
    "ProjectName": "xcase",
    "ReportedDate": "2008-11-24T14:34:06.277-08:00",
    "Status": {
      "Name": "Closed",
      "Id": 4
    },
    "ReasonClosed": {
      "Name": "Unassigned"
    },
    "Summary": "When Undo fails, message should be shown",
    "Type": {
      "Name": "Feature",
      "Id": 1
    },
    "VoteCount": 1,
    "Id": 2707
  },
  "FileAttachments": [],
  "Comments": [
    {
      "Message": "Resolved with changeset 18059.",
      "PostedDate": "2008-11-26T04:01:29.617-08:00",
      "Id": -2147483648
    },
    {
      "Message": "",
      "PostedDate": "2013-02-13T13:11:41.613-08:00",
      "Id": -2147483648
    },
    {
      "Message": "",
      "PostedDate": "2013-05-15T18:55:51.28-07:00",
      "Id": -2147483648
    },
    {
      "Message": "",
      "PostedDate": "2017-12-08T02:15:51.903-08:00",
      "Id": -2147483648
    }
  ]
}