{
  "WorkItem": {
    "AffectedComponent": {
      "Name": "User interface",
      "DisplayName": "User interface"
    },
    "ClosedComment": "",
    "ClosedDate": "2008-11-01T15:50:13.83-07:00",
    "CommentCount": 0,
    "Custom": null,
    "Description": "Each time I select a different class, Property window issues Rename command because content of the textbox changed. \n \nI suggest using EditableTextBox from WPFDraw (which is used for class names and labels in View) and its TextEdited event instead of TextChanged event.",
    "LastUpdatedDate": "2013-05-15T18:56:00.947-07:00",
    "PlannedForRelease": "",
    "ReleaseVisibleToPublic": false,
    "Priority": {
      "Name": "High",
      "Severity": 150,
      "Id": 3
    },
    "ProjectName": "xcase",
    "ReportedDate": "2008-10-13T15:08:16.237-07:00",
    "Status": {
      "Name": "Closed",
      "Id": 4
    },
    "ReasonClosed": {
      "Name": "Unassigned"
    },
    "Summary": "Property window issues extra Rename commands",
    "Type": {
      "Name": "Issue",
      "Id": 3
    },
    "VoteCount": 1,
    "Id": 2454
  },
  "FileAttachments": [],
  "Comments": [
    {
      "Message": "Good point, thank you. I am going to fix it.",
      "PostedDate": "2008-10-14T06:00:57.373-07:00",
      "Id": -2147483648
    },
    {
      "Message": "Fixed. Similar problem is with attributes and operations (caused by mixing binding and events together) -> tomorrow :)\r\n\r\n",
      "PostedDate": "2008-10-14T08:53:02.723-07:00",
      "Id": -2147483648
    },
    {
      "Message": "",
      "PostedDate": "2008-11-01T15:50:13.83-07:00",
      "Id": -2147483648
    },
    {
      "Message": "",
      "PostedDate": "2013-02-13T13:11:52.78-08:00",
      "Id": -2147483648
    },
    {
      "Message": "",
      "PostedDate": "2013-05-15T18:56:00.947-07:00",
      "Id": -2147483648
    }
  ]
}