{
  "WorkItem": {
    "AffectedComponent": {
      "Name": "Model",
      "DisplayName": "Model"
    },
    "ClosedComment": "fixed",
    "ClosedDate": "2008-10-27T04:00:55.157-07:00",
    "CommentCount": 0,
    "Custom": null,
    "Description": "Adding PSMAttribute to PSMClass throws an exception - missing stereotype.",
    "LastUpdatedDate": "2013-05-15T18:55:59.993-07:00",
    "PlannedForRelease": "",
    "ReleaseVisibleToPublic": false,
    "Priority": {
      "Name": "High",
      "Severity": 150,
      "Id": 3
    },
    "ProjectName": "xcase",
    "ReportedDate": "2008-10-21T00:20:32.49-07:00",
    "Status": {
      "Name": "Closed",
      "Id": 4
    },
    "ReasonClosed": {
      "Name": "Unassigned"
    },
    "Summary": "Adding PSMAttribute to PSMClass fails",
    "Type": {
      "Name": "Issue",
      "Id": 3
    },
    "VoteCount": 1,
    "Id": 2488
  },
  "FileAttachments": [],
  "Comments": [
    {
      "Message": "Fixed by loading the project from a project template with all the XSem stereotypes.\nSome minor bugs fixed in the PSMAttribute creation",
      "PostedDate": "2008-10-25T04:11:43.23-07:00",
      "Id": -2147483648
    },
    {
      "Message": "",
      "PostedDate": "2008-10-27T04:00:55.157-07:00",
      "Id": -2147483648
    },
    {
      "Message": "",
      "PostedDate": "2013-02-13T13:11:51.823-08:00",
      "Id": -2147483648
    },
    {
      "Message": "",
      "PostedDate": "2013-05-15T18:55:59.993-07:00",
      "Id": -2147483648
    }
  ]
}