{
  "WorkItem": {
    "AffectedComponent": {
      "Name": "",
      "DisplayName": ""
    },
    "ClosedComment": "",
    "ClosedDate": "2008-12-10T14:24:52.53-08:00",
    "CommentCount": 0,
    "Custom": null,
    "Description": "When AttributeContainer is emptied (by removing attributes), it asks whether to remove it or keep it.\nI choose delete. Then I undo, undo, redo, redo. It asks twice, if I click twice on Delete, it crashes",
    "LastUpdatedDate": "2017-12-08T02:15:54.46-08:00",
    "PlannedForRelease": "",
    "ReleaseVisibleToPublic": false,
    "Priority": {
      "Name": "Medium",
      "Severity": 100,
      "Id": 2
    },
    "ProjectName": "xcase",
    "ReportedDate": "2008-12-10T12:18:12.143-08:00",
    "Status": {
      "Name": "Closed",
      "Id": 4
    },
    "ReasonClosed": {
      "Name": "Unassigned"
    },
    "Summary": "Empty AttributeContainer asks twice on redo and crashes",
    "Type": {
      "Name": "Issue",
      "Id": 3
    },
    "VoteCount": 1,
    "Id": 2841
  },
  "FileAttachments": [],
  "Comments": [
    {
      "Message": "After dozens of command I write things this stupid :(",
      "PostedDate": "2008-12-10T14:24:20.297-08:00",
      "Id": -2147483648
    },
    {
      "Message": "Resolved with changeset 18393.",
      "PostedDate": "2008-12-10T14:24:52.53-08:00",
      "Id": -2147483648
    },
    {
      "Message": "",
      "PostedDate": "2013-02-13T13:11:26.59-08:00",
      "Id": -2147483648
    },
    {
      "Message": "",
      "PostedDate": "2013-05-15T18:55:39.61-07:00",
      "Id": -2147483648
    },
    {
      "Message": "",
      "PostedDate": "2017-12-08T02:15:54.46-08:00",
      "Id": -2147483648
    }
  ]
}