{
  "WorkItem": {
    "AffectedComponent": {
      "Name": "",
      "DisplayName": ""
    },
    "ClosedComment": "Fixed by Kate",
    "ClosedDate": "2008-12-06T08:13:18.31-08:00",
    "CommentCount": 0,
    "Custom": null,
    "Description": "Clicking on PIMAssociation causes PropertiesWindow to issue unnecessary Rename commands\n \nClicking on one PIMAssociation part and then on another gives focus to name textbox of PropertiesWindow. This shouldn't be happening.",
    "LastUpdatedDate": "2013-05-15T18:55:45.16-07:00",
    "PlannedForRelease": "",
    "ReleaseVisibleToPublic": false,
    "Priority": {
      "Name": "Medium",
      "Severity": 100,
      "Id": 2
    },
    "ProjectName": "xcase",
    "ReportedDate": "2008-12-02T02:53:08.293-08:00",
    "Status": {
      "Name": "Closed",
      "Id": 4
    },
    "ReasonClosed": {
      "Name": "Unassigned"
    },
    "Summary": "Clicking on PIMAssociation causes PropertiesWindow to issue unnecessary Rename commands",
    "Type": {
      "Name": "Issue",
      "Id": 3
    },
    "VoteCount": 1,
    "Id": 2771
  },
  "FileAttachments": [],
  "Comments": []
}