{
  "WorkItem": {
    "AffectedComponent": {
      "Name": "DockingLibrary",
      "DisplayName": "DockingLibrary"
    },
    "ClosedComment": "",
    "ClosedDate": "2009-10-12T03:47:05.033-07:00",
    "CommentCount": 0,
    "Custom": null,
    "Description": "When there are many diagrams open so that they don't fit into the diagram bar, it doesn't scroll.\nEven when a new active diagram is selected in Project window, it doesn't scroll to the newly active one.",
    "LastUpdatedDate": "2013-05-15T18:55:52.48-07:00",
    "PlannedForRelease": "",
    "ReleaseVisibleToPublic": false,
    "Priority": {
      "Name": "Medium",
      "Severity": 100,
      "Id": 2
    },
    "ProjectName": "xcase",
    "ReportedDate": "2008-11-20T04:14:04.37-08:00",
    "Status": {
      "Name": "Closed",
      "Id": 4
    },
    "ReasonClosed": {
      "Name": "Unassigned"
    },
    "Summary": "DockingLibrary: Many open diagrams don't cause the diagrambar to scroll",
    "Type": {
      "Name": "Issue",
      "Id": 3
    },
    "VoteCount": 2,
    "Id": 2670
  },
  "FileAttachments": [],
  "Comments": [
    {
      "Message": "New docking component solves this. ",
      "PostedDate": "2009-10-12T03:37:47.663-07:00",
      "Id": -2147483648
    },
    {
      "Message": "",
      "PostedDate": "2009-10-12T03:47:05.033-07:00",
      "Id": -2147483648
    },
    {
      "Message": "",
      "PostedDate": "2013-02-13T13:11:42.983-08:00",
      "Id": -2147483648
    },
    {
      "Message": "",
      "PostedDate": "2013-05-15T18:55:52.48-07:00",
      "Id": -2147483648
    }
  ]
}