{
  "WorkItem": {
    "AffectedComponent": {
      "Name": "Controller",
      "DisplayName": "Controller"
    },
    "ClosedComment": "Fixed 30 minutes before reported. Check the curren version before reporting!",
    "ClosedDate": "2008-12-02T22:06:32.093-08:00",
    "CommentCount": 0,
    "Custom": null,
    "Description": "1. Click on a PSM class with some attributes (normal ones or pimless)\n2. Click Attribute container in Main Toolbar\n \n-> Exception: \"Included attributes come from a different class\"",
    "LastUpdatedDate": "2013-05-15T18:55:44.743-07:00",
    "PlannedForRelease": "",
    "ReleaseVisibleToPublic": false,
    "Priority": {
      "Name": "High",
      "Severity": 150,
      "Id": 3
    },
    "ProjectName": "xcase",
    "ReportedDate": "2008-12-02T13:34:32.833-08:00",
    "Status": {
      "Name": "Closed",
      "Id": 4
    },
    "ReasonClosed": {
      "Name": "Unassigned"
    },
    "Summary": "!Cannot create Attribute container",
    "Type": {
      "Name": "Issue",
      "Id": 3
    },
    "VoteCount": 1,
    "Id": 2776
  },
  "FileAttachments": [],
  "Comments": []
}