{
  "WorkItem": {
    "AffectedComponent": {
      "Name": "User interface",
      "DisplayName": "User interface"
    },
    "ClosedComment": "Fixed",
    "ClosedDate": "2008-11-28T05:45:49.953-08:00",
    "CommentCount": 0,
    "Custom": null,
    "Description": "- Smaller indentation of tree elements (Navigator window is too wide then)\n- When a class in Navigator is selected, the same class should be selected on the canvas (if it has its own visualization)\n- When a class on the canvas is selected, the same class should be selected in Navigator (tree automatically unfolds if it was collapsed and the class was not visible)",
    "LastUpdatedDate": "2013-05-15T18:56:01.097-07:00",
    "PlannedForRelease": "",
    "ReleaseVisibleToPublic": false,
    "Priority": {
      "Name": "Medium",
      "Severity": 100,
      "Id": 2
    },
    "ProjectName": "xcase",
    "ReportedDate": "2008-10-12T15:34:26.043-07:00",
    "Status": {
      "Name": "Closed",
      "Id": 4
    },
    "ReasonClosed": {
      "Name": "Unassigned"
    },
    "Summary": "Navigator Window",
    "Type": {
      "Name": "Feature",
      "Id": 1
    },
    "VoteCount": 1,
    "Id": 2447
  },
  "FileAttachments": [],
  "Comments": [
    {
      "Message": "Associated with changeset 17175.",
      "PostedDate": "2008-10-15T11:03:33.807-07:00",
      "Id": -2147483648
    },
    {
      "Message": "Associated with changeset 17556.",
      "PostedDate": "2008-11-02T13:30:06.153-08:00",
      "Id": -2147483648
    },
    {
      "Message": "Associated with changeset 17654.",
      "PostedDate": "2008-11-06T13:46:16.633-08:00",
      "Id": -2147483648
    },
    {
      "Message": "I think this can be closed...",
      "PostedDate": "2008-11-27T05:13:07.627-08:00",
      "Id": -2147483648
    },
    {
      "Message": "",
      "PostedDate": "2008-11-27T13:53:50.487-08:00",
      "Id": -2147483648
    },
    {
      "Message": "",
      "PostedDate": "2008-11-28T05:45:49.953-08:00",
      "Id": -2147483648
    },
    {
      "Message": "",
      "PostedDate": "2013-02-13T13:11:52.967-08:00",
      "Id": -2147483648
    },
    {
      "Message": "",
      "PostedDate": "2013-05-15T18:56:01.097-07:00",
      "Id": -2147483648
    }
  ]
}