{
  "WorkItem": {
    "AffectedComponent": {
      "Name": "",
      "DisplayName": ""
    },
    "ClosedComment": "",
    "ClosedDate": "2008-10-28T00:01:05.43-07:00",
    "CommentCount": 0,
    "Custom": null,
    "Description": "Cannot add PSMAssociation, _PSMAssociation constructor throws exception \"parent wasn't created in model library\" even if correct PSMClass is passed",
    "LastUpdatedDate": "2017-12-08T02:11:55.763-08:00",
    "PlannedForRelease": "",
    "ReleaseVisibleToPublic": false,
    "Priority": {
      "Name": "High",
      "Severity": 150,
      "Id": 3
    },
    "ProjectName": "xcase",
    "ReportedDate": "2008-10-27T04:02:53.983-07:00",
    "Status": {
      "Name": "Closed",
      "Id": 4
    },
    "ReasonClosed": {
      "Name": "Unassigned"
    },
    "Summary": "Adding PSMAssociation fails",
    "Type": {
      "Name": "Issue",
      "Id": 3
    },
    "VoteCount": 1,
    "Id": 2516
  },
  "FileAttachments": [],
  "Comments": [
    {
      "Message": "Resolved with changeset 17465.",
      "PostedDate": "2008-10-28T00:01:05.43-07:00",
      "Id": -2147483648
    },
    {
      "Message": "",
      "PostedDate": "2013-02-13T13:11:50.79-08:00",
      "Id": -2147483648
    },
    {
      "Message": "",
      "PostedDate": "2013-05-15T18:55:59.11-07:00",
      "Id": -2147483648
    },
    {
      "Message": "",
      "PostedDate": "2017-12-08T02:11:55.763-08:00",
      "Id": -2147483648
    }
  ]
}