{
  "WorkItem": {
    "AffectedComponent": {
      "Name": "",
      "DisplayName": ""
    },
    "ClosedComment": "",
    "ClosedDate": "2008-11-27T05:16:25.31-08:00",
    "CommentCount": 0,
    "Custom": null,
    "Description": "Should the editor layout be saved/loaded with the project?",
    "LastUpdatedDate": "2013-05-15T18:55:50.82-07:00",
    "PlannedForRelease": "",
    "ReleaseVisibleToPublic": false,
    "Priority": {
      "Name": "Low",
      "Severity": 50,
      "Id": 1
    },
    "ProjectName": "xcase",
    "ReportedDate": "2008-11-24T14:44:47.693-08:00",
    "Status": {
      "Name": "Closed",
      "Id": 4
    },
    "ReasonClosed": {
      "Name": "Unassigned"
    },
    "Summary": "Saving editor layout within the project?",
    "Type": {
      "Name": "Feature",
      "Id": 1
    },
    "VoteCount": 1,
    "Id": 2710
  },
  "FileAttachments": [],
  "Comments": [
    {
      "Message": "no, it should stay in user settings",
      "PostedDate": "2008-11-27T05:16:18.45-08:00",
      "Id": -2147483648
    },
    {
      "Message": "",
      "PostedDate": "2008-11-27T05:16:25.31-08:00",
      "Id": -2147483648
    },
    {
      "Message": "",
      "PostedDate": "2013-02-13T13:11:41.043-08:00",
      "Id": -2147483648
    },
    {
      "Message": "",
      "PostedDate": "2013-05-15T18:55:50.82-07:00",
      "Id": -2147483648
    }
  ]
}