{
  "WorkItem": {
    "AffectedComponent": {
      "Name": "Model",
      "DisplayName": "Model"
    },
    "ClosedComment": "",
    "ClosedDate": "2008-12-15T12:30:46.223-08:00",
    "CommentCount": 0,
    "Custom": null,
    "Description": "Translation of diagrams into schema.",
    "LastUpdatedDate": "2017-12-08T02:15:50.197-08:00",
    "PlannedForRelease": "",
    "ReleaseVisibleToPublic": false,
    "Priority": {
      "Name": "High",
      "Severity": 150,
      "Id": 3
    },
    "ProjectName": "xcase",
    "ReportedDate": "2008-10-09T04:10:42.207-07:00",
    "Status": {
      "Name": "Closed",
      "Id": 4
    },
    "ReasonClosed": {
      "Name": "Unassigned"
    },
    "Summary": "PSM diagram > Xml Schema translation",
    "Type": {
      "Name": "Task",
      "Id": 2
    },
    "VoteCount": 2,
    "Id": 2439
  },
  "FileAttachments": [],
  "Comments": [
    {
      "Message": "Associated with changeset 18061.",
      "PostedDate": "2008-11-26T04:55:53.817-08:00",
      "Id": -2147483648
    },
    {
      "Message": "Associated with changeset 18070.",
      "PostedDate": "2008-11-26T14:41:43.17-08:00",
      "Id": -2147483648
    },
    {
      "Message": "Associated with changeset 18118.",
      "PostedDate": "2008-11-29T10:54:32.2-08:00",
      "Id": -2147483648
    },
    {
      "Message": "Associated with changeset 18128.",
      "PostedDate": "2008-11-30T15:06:26.397-08:00",
      "Id": -2147483648
    },
    {
      "Message": "Associated with changeset 18212.",
      "PostedDate": "2008-12-03T06:37:47.09-08:00",
      "Id": -2147483648
    },
    {
      "Message": "Associated with changeset 18235.",
      "PostedDate": "2008-12-04T11:20:48.057-08:00",
      "Id": -2147483648
    },
    {
      "Message": "Associated with changeset 18292.",
      "PostedDate": "2008-12-06T02:44:25.703-08:00",
      "Id": -2147483648
    },
    {
      "Message": "Associated with changeset 18327.",
      "PostedDate": "2008-12-07T05:37:03.32-08:00",
      "Id": -2147483648
    },
    {
      "Message": "Associated with changeset 18342.",
      "PostedDate": "2008-12-08T03:21:31.27-08:00",
      "Id": -2147483648
    },
    {
      "Message": "Associated with changeset 18364.",
      "PostedDate": "2008-12-09T11:47:37.5-08:00",
      "Id": -2147483648
    },
    {
      "Message": "Resolved with changeset 18376.",
      "PostedDate": "2008-12-10T03:24:53.013-08:00",
      "Id": -2147483648
    },
    {
      "Message": "Clsoed by mistake.",
      "PostedDate": "2008-12-10T03:39:29.35-08:00",
      "Id": -2147483648
    },
    {
      "Message": "Associated with changeset 18392.",
      "PostedDate": "2008-12-10T14:00:25.04-08:00",
      "Id": -2147483648
    },
    {
      "Message": "Associated with changeset 18466.",
      "PostedDate": "2008-12-11T11:19:20.187-08:00",
      "Id": -2147483648
    },
    {
      "Message": "Associated with changeset 18480.",
      "PostedDate": "2008-12-11T14:20:31.32-08:00",
      "Id": -2147483648
    },
    {
      "Message": "Associated with changeset 18483.",
      "PostedDate": "2008-12-11T14:35:35.907-08:00",
      "Id": -2147483648
    },
    {
      "Message": "Resolved with changeset 19044.",
      "PostedDate": "2008-12-15T12:30:46.223-08:00",
      "Id": -2147483648
    },
    {
      "Message": "",
      "PostedDate": "2013-02-13T13:11:53.31-08:00",
      "Id": -2147483648
    },
    {
      "Message": "",
      "PostedDate": "2013-05-15T18:56:01.367-07:00",
      "Id": -2147483648
    },
    {
      "Message": "",
      "PostedDate": "2017-12-08T02:15:50.197-08:00",
      "Id": -2147483648
    }
  ]
}