{
  "WorkItem": {
    "AffectedComponent": {
      "Name": "Controller",
      "DisplayName": "Controller"
    },
    "ClosedComment": "Fixed.",
    "ClosedDate": "2009-10-12T03:46:24.643-07:00",
    "CommentCount": 0,
    "Custom": null,
    "Description": "When changing PSM Attribute alias to \"\", it says it already exists - and it is true, there is another attribute with alias \"\", but this shouldn't be a problem",
    "LastUpdatedDate": "2013-05-15T18:55:35.94-07:00",
    "PlannedForRelease": "XCase 1.0.4",
    "ReleaseVisibleToPublic": true,
    "Priority": {
      "Name": "Medium",
      "Severity": 100,
      "Id": 2
    },
    "ProjectName": "xcase",
    "ReportedDate": "2009-07-23T01:10:59.48-07:00",
    "Status": {
      "Name": "Closed",
      "Id": 4
    },
    "ReasonClosed": {
      "Name": "Unassigned"
    },
    "Summary": "When changing PSM Attribute alias to \"\", it says it already exists",
    "Type": {
      "Name": "Issue",
      "Id": 3
    },
    "VoteCount": 1,
    "Id": 3885
  },
  "FileAttachments": [],
  "Comments": []
}