{
  "WorkItem": {
    "AffectedComponent": {
      "Name": "",
      "DisplayName": ""
    },
    "ClosedComment": "",
    "ClosedDate": "2008-11-14T03:17:02.96-08:00",
    "CommentCount": 0,
    "Custom": null,
    "Description": "Buttons to move PSM diagram elements to left/right are missing or really hard to find.\n \n>> J.M. : maybe we will have to move some buttons to main menu and make the toolbar less wide..",
    "LastUpdatedDate": "2017-12-08T02:15:50.72-08:00",
    "PlannedForRelease": "",
    "ReleaseVisibleToPublic": false,
    "Priority": {
      "Name": "Low",
      "Severity": 50,
      "Id": 1
    },
    "ProjectName": "xcase",
    "ReportedDate": "2008-11-10T14:14:22.717-08:00",
    "Status": {
      "Name": "Closed",
      "Id": 4
    },
    "ReasonClosed": {
      "Name": "Unassigned"
    },
    "Summary": "Move to left/move to right buttons visibility",
    "Type": {
      "Name": "Issue",
      "Id": 3
    },
    "VoteCount": 1,
    "Id": 2564
  },
  "FileAttachments": [
    {
      "FileId": 1180,
      "FileName": "move.png",
      "DownloadUrl": ".\\1180"
    }
  ],
  "Comments": [
    {
      "Message": "see the screenshot",
      "PostedDate": "2008-11-10T15:02:18.993-08:00",
      "Id": -2147483648
    },
    {
      "Message": "",
      "PostedDate": "2008-11-10T15:02:21.12-08:00",
      "Id": -2147483648
    },
    {
      "Message": "We should create shortcuts for this commands also (ctrl+right, ctrl+left) as well as arrow navigation through the PSM tree",
      "PostedDate": "2008-11-12T09:51:38.32-08:00",
      "Id": -2147483648
    },
    {
      "Message": "I have done arrows in PSM already, will be available till tomorrow..",
      "PostedDate": "2008-11-12T13:32:46.337-08:00",
      "Id": -2147483648
    },
    {
      "Message": "Associated with changeset 17787.",
      "PostedDate": "2008-11-13T03:20:42.373-08:00",
      "Id": -2147483648
    },
    {
      "Message": "",
      "PostedDate": "2008-11-14T03:17:02.96-08:00",
      "Id": -2147483648
    },
    {
      "Message": "",
      "PostedDate": "2013-02-13T13:11:48.54-08:00",
      "Id": -2147483648
    },
    {
      "Message": "",
      "PostedDate": "2013-05-15T18:55:57.413-07:00",
      "Id": -2147483648
    },
    {
      "Message": "",
      "PostedDate": "2017-12-08T02:15:50.72-08:00",
      "Id": -2147483648
    }
  ]
}