{
  "WorkItem": {
    "AffectedComponent": {
      "Name": "User interface",
      "DisplayName": "User interface"
    },
    "ClosedComment": "",
    "ClosedDate": "2008-11-23T11:33:48.87-08:00",
    "CommentCount": 0,
    "Custom": null,
    "Description": "Create dialog windows for editing Classes, Associations, Attributes, Operations.\nFor Associations, Attributes, Operations dialog windows already exist, but does not provide all required features. \nFor Classes, no dialog exists so far.",
    "LastUpdatedDate": "2013-05-15T18:56:02.817-07:00",
    "PlannedForRelease": "",
    "ReleaseVisibleToPublic": false,
    "Priority": {
      "Name": "Medium",
      "Severity": 100,
      "Id": 2
    },
    "ProjectName": "xcase",
    "ReportedDate": "2008-09-14T04:53:46.773-07:00",
    "Status": {
      "Name": "Closed",
      "Id": 4
    },
    "ReasonClosed": {
      "Name": "Unassigned"
    },
    "Summary": "Dialog windows for editing diagram elements",
    "Type": {
      "Name": "Feature",
      "Id": 1
    },
    "VoteCount": 2,
    "Id": 2297
  },
  "FileAttachments": [],
  "Comments": [
    {
      "Message": "Associated with changeset 17351.",
      "PostedDate": "2008-10-23T08:49:33.927-07:00",
      "Id": -2147483648
    },
    {
      "Message": "Those windows left to do have their own work items.",
      "PostedDate": "2008-11-23T11:33:45.23-08:00",
      "Id": -2147483648
    },
    {
      "Message": "",
      "PostedDate": "2008-11-23T11:33:48.87-08:00",
      "Id": -2147483648
    },
    {
      "Message": "",
      "PostedDate": "2013-02-13T13:11:55.23-08:00",
      "Id": -2147483648
    },
    {
      "Message": "",
      "PostedDate": "2013-05-15T18:56:02.817-07:00",
      "Id": -2147483648
    }
  ]
}