{
  "WorkItem": {
    "AffectedComponent": {
      "Name": "",
      "DisplayName": ""
    },
    "ClosedComment": "",
    "ClosedDate": "2008-12-10T11:48:36.437-08:00",
    "CommentCount": 0,
    "Custom": null,
    "Description": "All PSM Diagram items should be aware of diagram they are in, not only PSMClass",
    "LastUpdatedDate": "2017-12-08T02:11:58.447-08:00",
    "PlannedForRelease": "",
    "ReleaseVisibleToPublic": false,
    "Priority": {
      "Name": "Low",
      "Severity": 50,
      "Id": 1
    },
    "ProjectName": "xcase",
    "ReportedDate": "2008-12-03T00:08:44.81-08:00",
    "Status": {
      "Name": "Closed",
      "Id": 4
    },
    "ReasonClosed": {
      "Name": "Unassigned"
    },
    "Summary": "All PSM Diagram items should be aware of diagram they are in",
    "Type": {
      "Name": "Feature",
      "Id": 1
    },
    "VoteCount": 1,
    "Id": 2785
  },
  "FileAttachments": [],
  "Comments": [
    {
      "Message": "Resolved with changeset 18386.",
      "PostedDate": "2008-12-10T11:48:36.437-08:00",
      "Id": -2147483648
    },
    {
      "Message": "",
      "PostedDate": "2013-02-13T13:11:32.157-08:00",
      "Id": -2147483648
    },
    {
      "Message": "",
      "PostedDate": "2013-05-15T18:55:44.027-07:00",
      "Id": -2147483648
    },
    {
      "Message": "",
      "PostedDate": "2017-12-08T02:11:58.447-08:00",
      "Id": -2147483648
    }
  ]
}