{
  "WorkItem": {
    "AffectedComponent": {
      "Name": "",
      "DisplayName": ""
    },
    "ClosedComment": "",
    "ClosedDate": "2008-11-24T14:58:54.703-08:00",
    "CommentCount": 0,
    "Custom": null,
    "Description": "When dragging from toolbar, drag mouse cursor should be shown",
    "LastUpdatedDate": "2017-12-08T02:15:52.033-08:00",
    "PlannedForRelease": "",
    "ReleaseVisibleToPublic": false,
    "Priority": {
      "Name": "Low",
      "Severity": 50,
      "Id": 1
    },
    "ProjectName": "xcase",
    "ReportedDate": "2008-11-24T14:34:44.26-08:00",
    "Status": {
      "Name": "Closed",
      "Id": 4
    },
    "ReasonClosed": {
      "Name": "Unassigned"
    },
    "Summary": "When dragging from toolbar, drag mouse cursor should be shown",
    "Type": {
      "Name": "Issue",
      "Id": 3
    },
    "VoteCount": 1,
    "Id": 2708
  },
  "FileAttachments": [],
  "Comments": [
    {
      "Message": "Resolved with changeset 18036.",
      "PostedDate": "2008-11-24T14:58:54.703-08:00",
      "Id": -2147483648
    },
    {
      "Message": "",
      "PostedDate": "2013-02-13T13:11:41.447-08:00",
      "Id": -2147483648
    },
    {
      "Message": "",
      "PostedDate": "2013-05-15T18:55:51.107-07:00",
      "Id": -2147483648
    },
    {
      "Message": "",
      "PostedDate": "2017-12-08T02:15:52.033-08:00",
      "Id": -2147483648
    }
  ]
}