{
  "WorkItem": {
    "AffectedComponent": {
      "Name": "User interface",
      "DisplayName": "User interface"
    },
    "ClosedComment": "",
    "ClosedDate": "2008-12-01T12:36:00.387-08:00",
    "CommentCount": 0,
    "Custom": null,
    "Description": "When I edit content container's Element in Property window and then click another content container, the change is lost.\n \nAlso when I type something in a textbox in PW and then press Enter, nothing happens (should commit the change)",
    "LastUpdatedDate": "2013-05-15T18:55:50.503-07:00",
    "PlannedForRelease": "",
    "ReleaseVisibleToPublic": false,
    "Priority": {
      "Name": "Medium",
      "Severity": 100,
      "Id": 2
    },
    "ProjectName": "xcase",
    "ReportedDate": "2008-11-26T01:14:08.54-08:00",
    "Status": {
      "Name": "Closed",
      "Id": 4
    },
    "ReasonClosed": {
      "Name": "Unassigned"
    },
    "Summary": "Property window editing",
    "Type": {
      "Name": "Issue",
      "Id": 3
    },
    "VoteCount": 0,
    "Id": 2717
  },
  "FileAttachments": [],
  "Comments": [
    {
      "Message": "Fixed.\r\n\r\nad 1] After focus of a component is lost and there is an uncommited change in a textbox, it is commited.\r\n\r\nad 2] Pressing ENTER (in a textbox) commits the change. The caret then stays in the same textbox (like in VS).\r\n\r\n",
      "PostedDate": "2008-12-01T12:20:31.597-08:00",
      "Id": -2147483648
    },
    {
      "Message": "",
      "PostedDate": "2008-12-01T12:20:32.283-08:00",
      "Id": -2147483648
    },
    {
      "Message": "",
      "PostedDate": "2008-12-01T12:36:00.387-08:00",
      "Id": -2147483648
    },
    {
      "Message": "",
      "PostedDate": "2013-02-13T13:11:40.683-08:00",
      "Id": -2147483648
    },
    {
      "Message": "",
      "PostedDate": "2013-05-15T18:55:50.503-07:00",
      "Id": -2147483648
    }
  ]
}