{
  "WorkItem": {
    "AffectedComponent": {
      "Name": "",
      "DisplayName": ""
    },
    "ClosedComment": "",
    "ClosedDate": "2008-11-13T03:26:01.137-08:00",
    "CommentCount": 0,
    "Custom": null,
    "Description": "When undoing AddPSMClassChildren, exception occurs in PSMAssociation's RemoveMeFromModel().",
    "LastUpdatedDate": "2017-12-08T02:11:56.22-08:00",
    "PlannedForRelease": "",
    "ReleaseVisibleToPublic": false,
    "Priority": {
      "Name": "Medium",
      "Severity": 100,
      "Id": 2
    },
    "ProjectName": "xcase",
    "ReportedDate": "2008-11-13T02:41:20.53-08:00",
    "Status": {
      "Name": "Closed",
      "Id": 4
    },
    "ReasonClosed": {
      "Name": "Unassigned"
    },
    "Summary": "PSMAssociation's RemoveMeFromModel() \"not set to an instance of object\" exception",
    "Type": {
      "Name": "Issue",
      "Id": 3
    },
    "VoteCount": 1,
    "Id": 2588
  },
  "FileAttachments": [],
  "Comments": [
    {
      "Message": "Resolved with changeset 17788.",
      "PostedDate": "2008-11-13T03:26:01.137-08:00",
      "Id": -2147483648
    },
    {
      "Message": "",
      "PostedDate": "2013-02-13T13:11:46.51-08:00",
      "Id": -2147483648
    },
    {
      "Message": "",
      "PostedDate": "2013-05-15T18:55:55.997-07:00",
      "Id": -2147483648
    },
    {
      "Message": "",
      "PostedDate": "2017-12-08T02:11:56.22-08:00",
      "Id": -2147483648
    }
  ]
}