{
  "WorkItem": {
    "AffectedComponent": {
      "Name": "",
      "DisplayName": ""
    },
    "ClosedComment": "",
    "ClosedDate": "2008-12-08T00:15:50.933-08:00",
    "CommentCount": 0,
    "Custom": null,
    "Description": "Implementation of _PSMTree.SubtreeContains() and _PSMTree.GetRootOf().\n \nWe had no functions to perform the MEMBER function for a PSMTree.\nGetRootOf() should return the root of a PSMTree containing the object passed as a parameter.",
    "LastUpdatedDate": "2017-12-08T02:11:58.59-08:00",
    "PlannedForRelease": "",
    "ReleaseVisibleToPublic": false,
    "Priority": {
      "Name": "Medium",
      "Severity": 100,
      "Id": 2
    },
    "ProjectName": "xcase",
    "ReportedDate": "2008-12-07T02:26:38.04-08:00",
    "Status": {
      "Name": "Closed",
      "Id": 4
    },
    "ReasonClosed": {
      "Name": "Unassigned"
    },
    "Summary": "Implementation of _PSMTree.SubtreeContains() and _PSMTree.GetRootOf()",
    "Type": {
      "Name": "Feature",
      "Id": 1
    },
    "VoteCount": 1,
    "Id": 2815
  },
  "FileAttachments": [],
  "Comments": [
    {
      "Message": "Inspiration can be found in TreeLayout",
      "PostedDate": "2008-12-07T02:27:02.057-08:00",
      "Id": -2147483648
    },
    {
      "Message": "Resolved with changeset 18329.",
      "PostedDate": "2008-12-07T09:43:52.99-08:00",
      "Id": -2147483648
    },
    {
      "Message": "\r\n\r\n** Closed by Luk 12/7/2008 9:43 AM",
      "PostedDate": "2008-12-07T12:20:28.557-08:00",
      "Id": -2147483648
    },
    {
      "Message": "SubtreeContains does not go thgough associations and specifications. not sure about classunions, contentchoices and contentcontainers.\r\n\r\nGetRootOf is functionally fine, but I expected traversing the PSMTree from the item up to the item which has no parent instead of calling SubtreeContains for each root, which should be equivalent, but not as effective.\r\n\r\nIt also shoud provide a reference example of how to traverse the PSMTree if anyone needed to.",
      "PostedDate": "2008-12-07T12:20:29.273-08:00",
      "Id": -2147483648
    },
    {
      "Message": "Resolved with changeset 18336.",
      "PostedDate": "2008-12-08T00:15:50.933-08:00",
      "Id": -2147483648
    },
    {
      "Message": "",
      "PostedDate": "2013-02-13T13:11:29.283-08:00",
      "Id": -2147483648
    },
    {
      "Message": "",
      "PostedDate": "2013-05-15T18:55:41.88-07:00",
      "Id": -2147483648
    },
    {
      "Message": "",
      "PostedDate": "2017-12-08T02:11:58.59-08:00",
      "Id": -2147483648
    }
  ]
}