{
  "WorkItem": {
    "AffectedComponent": {
      "Name": "",
      "DisplayName": ""
    },
    "ClosedComment": "",
    "ClosedDate": "2008-11-13T05:00:42.79-08:00",
    "CommentCount": 0,
    "Custom": null,
    "Description": "\"Virtual\" collection grouping the content of all the Associations collection of the class itself and all the more general classes",
    "LastUpdatedDate": "2017-12-08T02:11:56.487-08:00",
    "PlannedForRelease": "",
    "ReleaseVisibleToPublic": false,
    "Priority": {
      "Name": "High",
      "Severity": 150,
      "Id": 3
    },
    "ProjectName": "xcase",
    "ReportedDate": "2008-11-13T03:27:58.95-08:00",
    "Status": {
      "Name": "Closed",
      "Id": 4
    },
    "ReasonClosed": {
      "Name": "Unassigned"
    },
    "Summary": "AllAssociations virtual collection",
    "Type": {
      "Name": "Task",
      "Id": 2
    },
    "VoteCount": 0,
    "Id": 2597
  },
  "FileAttachments": [],
  "Comments": [
    {
      "Message": "Resolved with changeset 17790.",
      "PostedDate": "2008-11-13T05:00:42.79-08:00",
      "Id": -2147483648
    },
    {
      "Message": "",
      "PostedDate": "2013-02-13T13:11:45.837-08:00",
      "Id": -2147483648
    },
    {
      "Message": "",
      "PostedDate": "2013-05-15T18:55:54.663-07:00",
      "Id": -2147483648
    },
    {
      "Message": "",
      "PostedDate": "2017-12-08T02:11:56.487-08:00",
      "Id": -2147483648
    }
  ]
}