{
  "WorkItem": {
    "AffectedComponent": {
      "Name": "View",
      "DisplayName": "View"
    },
    "ClosedComment": "",
    "ClosedDate": "2008-11-18T00:03:45.623-08:00",
    "CommentCount": 0,
    "Custom": null,
    "Description": "",
    "LastUpdatedDate": "2017-12-08T02:07:37.977-08:00",
    "PlannedForRelease": "",
    "ReleaseVisibleToPublic": false,
    "Priority": {
      "Name": "Low",
      "Severity": 50,
      "Id": 1
    },
    "ProjectName": "xcase",
    "ReportedDate": "2008-11-13T02:58:03.133-08:00",
    "Status": {
      "Name": "Closed",
      "Id": 4
    },
    "ReasonClosed": {
      "Name": "Unassigned"
    },
    "Summary": "Change \"Rename\" caption to something more meaningful",
    "Type": {
      "Name": "Issue",
      "Id": 3
    },
    "VoteCount": 0,
    "Id": 2594
  },
  "FileAttachments": [],
  "Comments": [
    {
      "Message": "Resolved with changeset 17896.",
      "PostedDate": "2008-11-18T00:03:45.623-08:00",
      "Id": -2147483648
    },
    {
      "Message": "",
      "PostedDate": "2013-05-15T18:55:55.133-07:00",
      "Id": -2147483648
    },
    {
      "Message": "",
      "PostedDate": "2017-12-08T02:07:37.977-08:00",
      "Id": -2147483648
    }
  ]
}