{
  "WorkItem": {
    "AffectedComponent": {
      "Name": "",
      "DisplayName": ""
    },
    "ClosedComment": "",
    "ClosedDate": "2008-10-13T01:26:39.2-07:00",
    "CommentCount": 0,
    "Custom": null,
    "Description": "Move Project from WPFGui to UMLModel, so that Controller can access Project and create/delete Diagrams.\nThis also includes creation of \"Diagram added/removed\" event.",
    "LastUpdatedDate": "2013-05-15T18:56:02.117-07:00",
    "PlannedForRelease": "",
    "ReleaseVisibleToPublic": false,
    "Priority": {
      "Name": "High",
      "Severity": 150,
      "Id": 3
    },
    "ProjectName": "xcase",
    "ReportedDate": "2008-10-07T02:47:48.557-07:00",
    "Status": {
      "Name": "Closed",
      "Id": 4
    },
    "ReasonClosed": {
      "Name": "Unassigned"
    },
    "Summary": "Move Project from WPFGui to UMLModel",
    "Type": {
      "Name": "Task",
      "Id": 2
    },
    "VoteCount": 1,
    "Id": 2424
  },
  "FileAttachments": [],
  "Comments": [
    {
      "Message": "Resolved with changeset 17072.",
      "PostedDate": "2008-10-13T01:26:39.2-07:00",
      "Id": -2147483648
    },
    {
      "Message": "",
      "PostedDate": "2013-02-13T13:11:54.317-08:00",
      "Id": -2147483648
    },
    {
      "Message": "",
      "PostedDate": "2013-05-15T18:56:02.117-07:00",
      "Id": -2147483648
    }
  ]
}