{
  "WorkItem": {
    "AffectedComponent": {
      "Name": "",
      "DisplayName": ""
    },
    "ClosedComment": "",
    "ClosedDate": "2008-12-01T05:28:41.457-08:00",
    "CommentCount": 0,
    "Custom": null,
    "Description": "PIMless attribute propagation to PIM",
    "LastUpdatedDate": "2017-12-08T02:07:39.58-08:00",
    "PlannedForRelease": "",
    "ReleaseVisibleToPublic": false,
    "Priority": {
      "Name": "Low",
      "Severity": 50,
      "Id": 1
    },
    "ProjectName": "xcase",
    "ReportedDate": "2008-11-27T09:01:45.817-08:00",
    "Status": {
      "Name": "Closed",
      "Id": 4
    },
    "ReasonClosed": {
      "Name": "Unassigned"
    },
    "Summary": "PIMless attribute propagation to PIM",
    "Type": {
      "Name": "Feature",
      "Id": 1
    },
    "VoteCount": 1,
    "Id": 2736
  },
  "FileAttachments": [],
  "Comments": [
    {
      "Message": "You are the pimless expert :)",
      "PostedDate": "2008-11-29T10:24:30.65-08:00",
      "Id": -2147483648
    },
    {
      "Message": "Resolved with changeset 18155.",
      "PostedDate": "2008-12-01T05:28:41.457-08:00",
      "Id": -2147483648
    },
    {
      "Message": "",
      "PostedDate": "2013-02-13T13:11:37.72-08:00",
      "Id": -2147483648
    },
    {
      "Message": "",
      "PostedDate": "2013-05-15T18:55:48.123-07:00",
      "Id": -2147483648
    },
    {
      "Message": "",
      "PostedDate": "2017-12-08T02:07:39.58-08:00",
      "Id": -2147483648
    }
  ]
}