{
  "WorkItem": {
    "AffectedComponent": {
      "Name": "User interface",
      "DisplayName": "User interface"
    },
    "ClosedComment": "Fixed by introducing OnElementSizeChanged Event",
    "ClosedDate": "2008-12-01T03:49:33.417-08:00",
    "CommentCount": 0,
    "Custom": null,
    "Description": "When element's size is set to \"autosize\", Layouting does not refresh when the size changes. \n \nYou might have to consult Kuba K., because current pattern (handling command executed event) won't work in this case and some new event may be needed.",
    "LastUpdatedDate": "2013-05-15T18:55:52.153-07:00",
    "PlannedForRelease": "",
    "ReleaseVisibleToPublic": false,
    "Priority": {
      "Name": "Medium",
      "Severity": 100,
      "Id": 2
    },
    "ProjectName": "xcase",
    "ReportedDate": "2008-11-23T11:26:15.687-08:00",
    "Status": {
      "Name": "Closed",
      "Id": 4
    },
    "ReasonClosed": {
      "Name": "Unassigned"
    },
    "Summary": "Layouting & autosize of elements",
    "Type": {
      "Name": "Issue",
      "Id": 3
    },
    "VoteCount": 0,
    "Id": 2694
  },
  "FileAttachments": [],
  "Comments": []
}