{
  "WorkItem": {
    "AffectedComponent": {
      "Name": "View",
      "DisplayName": "View"
    },
    "ClosedComment": "",
    "ClosedDate": "2008-11-18T00:54:51.9-08:00",
    "CommentCount": 0,
    "Custom": null,
    "Description": "PSM layout should update after pressing Delete subtree / Delete container.",
    "LastUpdatedDate": "2013-05-15T18:55:56.997-07:00",
    "PlannedForRelease": "",
    "ReleaseVisibleToPublic": false,
    "Priority": {
      "Name": "Low",
      "Severity": 50,
      "Id": 1
    },
    "ProjectName": "xcase",
    "ReportedDate": "2008-11-12T00:27:48.793-08:00",
    "Status": {
      "Name": "Closed",
      "Id": 4
    },
    "ReasonClosed": {
      "Name": "Unassigned"
    },
    "Summary": "PSM layout not updating after deleting an element",
    "Type": {
      "Name": "Issue",
      "Id": 3
    },
    "VoteCount": 1,
    "Id": 2570
  },
  "FileAttachments": [],
  "Comments": [
    {
      "Message": "Associated with changeset 17815.",
      "PostedDate": "2008-11-14T05:32:51.113-08:00",
      "Id": -2147483648
    },
    {
      "Message": "Resolved with changeset 17899.",
      "PostedDate": "2008-11-18T00:54:51.9-08:00",
      "Id": -2147483648
    },
    {
      "Message": "",
      "PostedDate": "2013-02-13T13:11:48.013-08:00",
      "Id": -2147483648
    },
    {
      "Message": "",
      "PostedDate": "2013-05-15T18:55:56.997-07:00",
      "Id": -2147483648
    }
  ]
}