{
  "WorkItem": {
    "AffectedComponent": {
      "Name": "",
      "DisplayName": ""
    },
    "ClosedComment": "Deleting has its own issue, changes postponed until master thesis",
    "ClosedDate": "2008-11-17T23:35:39.557-08:00",
    "CommentCount": 0,
    "Custom": null,
    "Description": "It is necessary to reimplement deleting and changing PIM commands, because they can affect PSM diagrams. This aspect wasn't considered until now.",
    "LastUpdatedDate": "2013-05-15T18:55:58.643-07:00",
    "PlannedForRelease": "",
    "ReleaseVisibleToPublic": false,
    "Priority": {
      "Name": "High",
      "Severity": 150,
      "Id": 3
    },
    "ProjectName": "xcase",
    "ReportedDate": "2008-10-28T13:47:53.873-07:00",
    "Status": {
      "Name": "Closed",
      "Id": 4
    },
    "ReasonClosed": {
      "Name": "Unassigned"
    },
    "Summary": "Reimplement PIM commands to keep PSM consistency",
    "Type": {
      "Name": "Task",
      "Id": 2
    },
    "VoteCount": 1,
    "Id": 2524
  },
  "FileAttachments": [],
  "Comments": [
    {
      "Message": "Deletion should be denied when derived PSM elements exist\r\nEditing postponed",
      "PostedDate": "2008-11-13T02:11:28.777-08:00",
      "Id": -2147483648
    },
    {
      "Message": "",
      "PostedDate": "2008-11-17T23:35:39.557-08:00",
      "Id": -2147483648
    },
    {
      "Message": "",
      "PostedDate": "2013-02-13T13:11:50.103-08:00",
      "Id": -2147483648
    },
    {
      "Message": "",
      "PostedDate": "2013-05-15T18:55:58.643-07:00",
      "Id": -2147483648
    }
  ]
}