{
  "WorkItem": {
    "AffectedComponent": {
      "Name": "",
      "DisplayName": ""
    },
    "ClosedComment": "Resolved with changeset 19272.",
    "ClosedDate": "2008-12-16T11:59:00.96-08:00",
    "CommentCount": 0,
    "Custom": null,
    "Description": "Remove AssociationClasses from Navigator",
    "LastUpdatedDate": "2013-05-15T18:55:49.143-07:00",
    "PlannedForRelease": "",
    "ReleaseVisibleToPublic": false,
    "Priority": {
      "Name": "Low",
      "Severity": 50,
      "Id": 1
    },
    "ProjectName": "xcase",
    "ReportedDate": "2008-11-27T08:54:43.52-08:00",
    "Status": {
      "Name": "Closed",
      "Id": 4
    },
    "ReasonClosed": {
      "Name": "Unassigned"
    },
    "Summary": "Remove AssociationClasses from Navigator",
    "Type": {
      "Name": "Feature",
      "Id": 1
    },
    "VoteCount": 1,
    "Id": 2729
  },
  "FileAttachments": [],
  "Comments": [
    {
      "Message": "Resolved with changeset 18297.",
      "PostedDate": "2008-12-06T06:23:06.197-08:00",
      "Id": -2147483648
    },
    {
      "Message": "\r\n\r\n** Closed by LuKu 12/6/2008 6:23 AM",
      "PostedDate": "2008-12-10T13:52:47.573-08:00",
      "Id": -2147483648
    },
    {
      "Message": "Still isn't done",
      "PostedDate": "2008-12-10T13:52:47.87-08:00",
      "Id": -2147483648
    },
    {
      "Message": "",
      "PostedDate": "2008-12-16T11:59:00.96-08:00",
      "Id": -2147483648
    },
    {
      "Message": "",
      "PostedDate": "2013-02-13T13:11:39.073-08:00",
      "Id": -2147483648
    },
    {
      "Message": "",
      "PostedDate": "2013-05-15T18:55:49.143-07:00",
      "Id": -2147483648
    }
  ]
}