{
  "WorkItem": {
    "AffectedComponent": {
      "Name": "",
      "DisplayName": ""
    },
    "ClosedComment": "",
    "ClosedDate": "2008-12-01T03:30:00.7-08:00",
    "CommentCount": 0,
    "Custom": null,
    "Description": "Remove from model command exception \"Cannot delete element ... because it is not present in the diagram\nRepro:\n1) Demo\n2) Delete Address from diagram, but not from model\n3) New PIM Diagram\n4) Drag Address from Navigator\n5) Delete Address from Model\n6) Exception is thrown",
    "LastUpdatedDate": "2017-12-08T02:15:53.113-08:00",
    "PlannedForRelease": "",
    "ReleaseVisibleToPublic": false,
    "Priority": {
      "Name": "Medium",
      "Severity": 100,
      "Id": 2
    },
    "ProjectName": "xcase",
    "ReportedDate": "2008-12-01T03:02:04.493-08:00",
    "Status": {
      "Name": "Closed",
      "Id": 4
    },
    "ReasonClosed": {
      "Name": "Unassigned"
    },
    "Summary": "Remove from model command exception",
    "Type": {
      "Name": "Issue",
      "Id": 3
    },
    "VoteCount": 1,
    "Id": 2757
  },
  "FileAttachments": [],
  "Comments": [
    {
      "Message": "Resolved with changeset 18149.",
      "PostedDate": "2008-12-01T03:30:00.7-08:00",
      "Id": -2147483648
    },
    {
      "Message": "",
      "PostedDate": "2013-02-13T13:11:35.2-08:00",
      "Id": -2147483648
    },
    {
      "Message": "",
      "PostedDate": "2013-05-15T18:55:46.613-07:00",
      "Id": -2147483648
    },
    {
      "Message": "",
      "PostedDate": "2017-12-08T02:15:53.113-08:00",
      "Id": -2147483648
    }
  ]
}