{
  "WorkItem": {
    "AffectedComponent": {
      "Name": "User interface",
      "DisplayName": "User interface"
    },
    "ClosedComment": "Done. ",
    "ClosedDate": "2009-10-09T13:19:37.38-07:00",
    "CommentCount": 0,
    "Custom": null,
    "Description": "Include some kind of command line support.",
    "LastUpdatedDate": "2013-05-15T18:55:37.82-07:00",
    "PlannedForRelease": "",
    "ReleaseVisibleToPublic": false,
    "Priority": {
      "Name": "Medium",
      "Severity": 100,
      "Id": 2
    },
    "ProjectName": "xcase",
    "ReportedDate": "2009-04-11T14:40:36.587-07:00",
    "Status": {
      "Name": "Closed",
      "Id": 4
    },
    "ReasonClosed": {
      "Name": "Unassigned"
    },
    "Summary": "Command line support",
    "Type": {
      "Name": "Feature",
      "Id": 1
    },
    "VoteCount": 1,
    "Id": 3545
  },
  "FileAttachments": [],
  "Comments": [
    {
      "Message": "Associated with changeset 22973.",
      "PostedDate": "2009-04-11T14:41:05.777-07:00",
      "Id": -2147483648
    },
    {
      "Message": "Associated with changeset 23145.",
      "PostedDate": "2009-04-21T10:13:04.71-07:00",
      "Id": -2147483648
    },
    {
      "Message": "",
      "PostedDate": "2009-10-09T13:19:37.38-07:00",
      "Id": -2147483648
    },
    {
      "Message": "",
      "PostedDate": "2013-02-13T13:11:23.677-08:00",
      "Id": -2147483648
    },
    {
      "Message": "",
      "PostedDate": "2013-05-15T18:55:37.82-07:00",
      "Id": -2147483648
    }
  ]
}