{
  "WorkItem": {
    "AffectedComponent": {
      "Name": "",
      "DisplayName": ""
    },
    "ClosedComment": "Useful for demo only. Since we will present XCase by manually creating the diagrams, we won't need this.\n\nCan be re-opened later.",
    "ClosedDate": "2008-11-16T01:34:20.627-08:00",
    "CommentCount": 0,
    "Custom": null,
    "Description": "adding children requires user interaction and cannot be used for scripts - it could be useful for \"demos\"",
    "LastUpdatedDate": "2013-05-15T18:55:58.23-07:00",
    "PlannedForRelease": "",
    "ReleaseVisibleToPublic": false,
    "Priority": {
      "Name": "Low",
      "Severity": 50,
      "Id": 1
    },
    "ProjectName": "xcase",
    "ReportedDate": "2008-11-04T14:49:21.613-08:00",
    "Status": {
      "Name": "Closed",
      "Id": 4
    },
    "ReasonClosed": {
      "Name": "Unassigned"
    },
    "Summary": "AddChildren command without dialogs",
    "Type": {
      "Name": "Issue",
      "Id": 3
    },
    "VoteCount": 1,
    "Id": 2542
  },
  "FileAttachments": [],
  "Comments": []
}