{
  "WorkItem": {
    "AffectedComponent": {
      "Name": "",
      "DisplayName": ""
    },
    "ClosedComment": "",
    "ClosedDate": "2008-12-07T00:47:06.407-08:00",
    "CommentCount": 0,
    "Custom": null,
    "Description": "1) Create a PIM class Class1\n2) Create Attribute1 in Class1\n3) Derive a PSM class from Class1\n4) Put Attribute1 into the PSM class\n5) Undo 4),3),2)\n \nYou get an exception which reports that Attribute1 has some PSM dependencies.",
    "LastUpdatedDate": "2013-05-15T18:55:42.123-07:00",
    "PlannedForRelease": "",
    "ReleaseVisibleToPublic": false,
    "Priority": {
      "Name": "Low",
      "Severity": 50,
      "Id": 1
    },
    "ProjectName": "xcase",
    "ReportedDate": "2008-12-06T22:42:16.203-08:00",
    "Status": {
      "Name": "Closed",
      "Id": 4
    },
    "ReasonClosed": {
      "Name": "Unassigned"
    },
    "Summary": "Undo does not work properly on PIM attributes",
    "Type": {
      "Name": "Issue",
      "Id": 3
    },
    "VoteCount": 1,
    "Id": 2814
  },
  "FileAttachments": [],
  "Comments": [
    {
      "Message": "Resolved with changeset 18316.",
      "PostedDate": "2008-12-07T00:47:06.407-08:00",
      "Id": -2147483648
    },
    {
      "Message": "",
      "PostedDate": "2013-02-13T13:11:29.723-08:00",
      "Id": -2147483648
    },
    {
      "Message": "",
      "PostedDate": "2013-05-15T18:55:42.123-07:00",
      "Id": -2147483648
    }
  ]
}