{
  "WorkItem": {
    "AffectedComponent": {
      "Name": "View",
      "DisplayName": "View"
    },
    "ClosedComment": "All elements implemented. Subsequent changes should have concrete WorkItems",
    "ClosedDate": "2008-11-13T04:22:15.85-08:00",
    "CommentCount": 0,
    "Custom": null,
    "Description": "Create set of classes for diagram visual represenation",
    "LastUpdatedDate": "2013-05-15T18:56:02.547-07:00",
    "PlannedForRelease": "",
    "ReleaseVisibleToPublic": false,
    "Priority": {
      "Name": "High",
      "Severity": 150,
      "Id": 3
    },
    "ProjectName": "xcase",
    "ReportedDate": "2008-09-16T14:53:26.563-07:00",
    "Status": {
      "Name": "Closed",
      "Id": 4
    },
    "ReasonClosed": {
      "Name": "Unassigned"
    },
    "Summary": "View elements",
    "Type": {
      "Name": "Task",
      "Id": 2
    },
    "VoteCount": 2,
    "Id": 2327
  },
  "FileAttachments": [],
  "Comments": [
    {
      "Message": "Associated with changeset 16105.",
      "PostedDate": "2008-09-16T14:54:14.157-07:00",
      "Id": -2147483648
    },
    {
      "Message": "Associated with changeset 16253.",
      "PostedDate": "2008-09-19T00:10:28.103-07:00",
      "Id": -2147483648
    },
    {
      "Message": "Associated with changeset 16339.",
      "PostedDate": "2008-09-21T02:04:28.4-07:00",
      "Id": -2147483648
    },
    {
      "Message": "Associated with changeset 16343.",
      "PostedDate": "2008-09-21T05:54:03.21-07:00",
      "Id": -2147483648
    },
    {
      "Message": "Associated with changeset 16665.",
      "PostedDate": "2008-09-28T23:51:34.717-07:00",
      "Id": -2147483648
    },
    {
      "Message": "Associated with changeset 16667.",
      "PostedDate": "2008-09-29T00:54:41.7-07:00",
      "Id": -2147483648
    },
    {
      "Message": "Associated with changeset 16810.",
      "PostedDate": "2008-10-04T10:35:26.133-07:00",
      "Id": -2147483648
    },
    {
      "Message": "Associated with changeset 16855.",
      "PostedDate": "2008-10-05T15:12:53.9-07:00",
      "Id": -2147483648
    },
    {
      "Message": "Associated with changeset 16888.",
      "PostedDate": "2008-10-07T02:13:51.99-07:00",
      "Id": -2147483648
    },
    {
      "Message": "Associated with changeset 16935.",
      "PostedDate": "2008-10-08T05:40:31.6-07:00",
      "Id": -2147483648
    },
    {
      "Message": "Associated with changeset 16970.",
      "PostedDate": "2008-10-09T04:45:39.88-07:00",
      "Id": -2147483648
    },
    {
      "Message": "",
      "PostedDate": "2008-10-09T06:13:53.643-07:00",
      "Id": -2147483648
    },
    {
      "Message": "Associated with changeset 17124.",
      "PostedDate": "2008-10-14T09:40:15.33-07:00",
      "Id": -2147483648
    },
    {
      "Message": "Associated with changeset 17127.",
      "PostedDate": "2008-10-14T13:31:58.023-07:00",
      "Id": -2147483648
    },
    {
      "Message": "Associated with changeset 17145.",
      "PostedDate": "2008-10-15T03:40:25.507-07:00",
      "Id": -2147483648
    },
    {
      "Message": "Associated with changeset 17176.",
      "PostedDate": "2008-10-15T11:25:15.323-07:00",
      "Id": -2147483648
    },
    {
      "Message": "Associated with changeset 17196.",
      "PostedDate": "2008-10-16T12:28:55.64-07:00",
      "Id": -2147483648
    },
    {
      "Message": "Associated with changeset 17209.",
      "PostedDate": "2008-10-17T00:20:33.217-07:00",
      "Id": -2147483648
    },
    {
      "Message": "Associated with changeset 17217.",
      "PostedDate": "2008-10-17T05:41:06.92-07:00",
      "Id": -2147483648
    },
    {
      "Message": "Associated with changeset 17289.",
      "PostedDate": "2008-10-21T00:16:25.963-07:00",
      "Id": -2147483648
    },
    {
      "Message": "Associated with changeset 17324.",
      "PostedDate": "2008-10-22T14:41:59.537-07:00",
      "Id": -2147483648
    },
    {
      "Message": "Associated with changeset 17403.",
      "PostedDate": "2008-10-25T06:34:49.847-07:00",
      "Id": -2147483648
    },
    {
      "Message": "Associated with changeset 17447.",
      "PostedDate": "2008-10-27T05:21:34.267-07:00",
      "Id": -2147483648
    },
    {
      "Message": "Resolved with changeset 17450.",
      "PostedDate": "2008-10-27T11:43:51.84-07:00",
      "Id": -2147483648
    },
    {
      "Message": "\r\n\r\n** Closed by Trupik 10/27/2008 11:43 AM",
      "PostedDate": "2008-10-28T01:35:37.423-07:00",
      "Id": -2147483648
    },
    {
      "Message": "",
      "PostedDate": "2008-10-28T01:35:37.72-07:00",
      "Id": -2147483648
    },
    {
      "Message": "Associated with changeset 17467.",
      "PostedDate": "2008-10-28T01:38:13.843-07:00",
      "Id": -2147483648
    },
    {
      "Message": "",
      "PostedDate": "2008-10-28T01:39:33.86-07:00",
      "Id": -2147483648
    },
    {
      "Message": "Associated with changeset 17468.",
      "PostedDate": "2008-10-28T01:46:12.187-07:00",
      "Id": -2147483648
    },
    {
      "Message": "Associated with changeset 17484.",
      "PostedDate": "2008-10-28T16:20:07.487-07:00",
      "Id": -2147483648
    },
    {
      "Message": "Associated with changeset 17507.",
      "PostedDate": "2008-10-29T14:53:37.84-07:00",
      "Id": -2147483648
    },
    {
      "Message": "Resolved with changeset 17508.",
      "PostedDate": "2008-10-29T15:25:06.86-07:00",
      "Id": -2147483648
    },
    {
      "Message": "\r\n\r\n** Closed by Trupik 10/29/2008 3:25 PM",
      "PostedDate": "2008-10-29T16:25:26.663-07:00",
      "Id": -2147483648
    },
    {
      "Message": "",
      "PostedDate": "2008-10-29T16:25:27.163-07:00",
      "Id": -2147483648
    },
    {
      "Message": "",
      "PostedDate": "2008-10-29T16:26:08.303-07:00",
      "Id": -2147483648
    },
    {
      "Message": "Associated with changeset 17509.",
      "PostedDate": "2008-10-29T16:26:15.427-07:00",
      "Id": -2147483648
    },
    {
      "Message": "Associated with changeset 17532.",
      "PostedDate": "2008-10-31T04:59:26.1-07:00",
      "Id": -2147483648
    },
    {
      "Message": "Associated with changeset 17546.",
      "PostedDate": "2008-11-01T12:00:49.793-07:00",
      "Id": -2147483648
    },
    {
      "Message": "Associated with changeset 17552.",
      "PostedDate": "2008-11-02T05:31:00.527-08:00",
      "Id": -2147483648
    },
    {
      "Message": "Associated with changeset 17554.",
      "PostedDate": "2008-11-02T12:44:31.86-08:00",
      "Id": -2147483648
    },
    {
      "Message": "Associated with changeset 17582.",
      "PostedDate": "2008-11-04T03:11:20.367-08:00",
      "Id": -2147483648
    },
    {
      "Message": "Associated with changeset 17587.",
      "PostedDate": "2008-11-04T12:17:01.437-08:00",
      "Id": -2147483648
    },
    {
      "Message": "Associated with changeset 17597.",
      "PostedDate": "2008-11-04T15:25:49.037-08:00",
      "Id": -2147483648
    },
    {
      "Message": "Associated with changeset 17643.",
      "PostedDate": "2008-11-06T03:06:43.973-08:00",
      "Id": -2147483648
    },
    {
      "Message": "Associated with changeset 17664.",
      "PostedDate": "2008-11-07T00:22:00.577-08:00",
      "Id": -2147483648
    },
    {
      "Message": "Associated with changeset 17665.",
      "PostedDate": "2008-11-07T00:28:24.607-08:00",
      "Id": -2147483648
    },
    {
      "Message": "Associated with changeset 17753.",
      "PostedDate": "2008-11-11T05:43:38.74-08:00",
      "Id": -2147483648
    },
    {
      "Message": "Associated with changeset 17775.",
      "PostedDate": "2008-11-12T13:48:00.673-08:00",
      "Id": -2147483648
    },
    {
      "Message": "Associated with changeset 17784.",
      "PostedDate": "2008-11-13T02:24:59.27-08:00",
      "Id": -2147483648
    },
    {
      "Message": "",
      "PostedDate": "2008-11-13T04:22:15.85-08:00",
      "Id": -2147483648
    },
    {
      "Message": "",
      "PostedDate": "2013-02-13T13:11:54.867-08:00",
      "Id": -2147483648
    },
    {
      "Message": "",
      "PostedDate": "2013-05-15T18:56:02.547-07:00",
      "Id": -2147483648
    }
  ]
}