{
  "WorkItem": {
    "AffectedComponent": {
      "Name": "View",
      "DisplayName": "View"
    },
    "ClosedComment": "",
    "ClosedDate": "2009-04-10T09:39:29.273-07:00",
    "CommentCount": 0,
    "Custom": null,
    "Description": "After you re-open a project, position of certain commentaries and especially of the association cardinalities is not the same as when you saved the project. The cardinalities are typically (and nearly always) reset to their default positions and the commentaries (rarely) changes their size.\nYou can try it on the attached project. See the Measure diagram and the associations Part <-> MusicalContent, Ossia <-> MusicalContent, Ossia <-> VoiceDescriptor, Attachment <-> Voice. Their cardinalities (or one of them) was reset to their original position on the association line even though, I put them several times above.",
    "LastUpdatedDate": "2017-12-08T02:15:55.127-08:00",
    "PlannedForRelease": "",
    "ReleaseVisibleToPublic": false,
    "Priority": {
      "Name": "Low",
      "Severity": 50,
      "Id": 1
    },
    "ProjectName": "xcase",
    "ReportedDate": "2009-03-29T10:25:36.657-07:00",
    "Status": {
      "Name": "Closed",
      "Id": 4
    },
    "ReasonClosed": {
      "Name": "Unassigned"
    },
    "Summary": "Layout of some association cardinalities and commentaries not preserved",
    "Type": {
      "Name": "Issue",
      "Id": 3
    },
    "VoteCount": 1,
    "Id": 3479
  },
  "FileAttachments": [
    {
      "FileId": 1540,
      "FileName": "Model (Concept).XCase",
      "DownloadUrl": ".\\1540"
    },
    {
      "FileId": 1555,
      "FileName": "Issue.XCase",
      "DownloadUrl": ".\\1555"
    }
  ],
  "Comments": [
    {
      "Message": "This issue was only observed when the project was closed and re-opened, so most probably the problem is in the serializator. I attach new project with just two classes and one association drawn horizontally. I actually have an impression that this only happens to the horizontal lines, but not all of them (see the Model (Concept).XCase file).",
      "PostedDate": "2009-04-10T06:39:07.803-07:00",
      "Id": -2147483648
    },
    {
      "Message": "",
      "PostedDate": "2009-04-10T06:39:11.68-07:00",
      "Id": -2147483648
    },
    {
      "Message": "",
      "PostedDate": "2009-04-10T09:37:57.29-07:00",
      "Id": -2147483648
    },
    {
      "Message": "",
      "PostedDate": "2009-04-10T09:39:29.273-07:00",
      "Id": -2147483648
    },
    {
      "Message": "",
      "PostedDate": "2013-02-13T13:11:24.047-08:00",
      "Id": -2147483648
    },
    {
      "Message": "",
      "PostedDate": "2013-05-15T18:55:37.943-07:00",
      "Id": -2147483648
    },
    {
      "Message": "",
      "PostedDate": "2017-12-08T02:15:55.127-08:00",
      "Id": -2147483648
    }
  ]
}