{
  "WorkItem": {
    "AffectedComponent": {
      "Name": "",
      "DisplayName": ""
    },
    "ClosedComment": "Won't fix - Controller checks for name duplicity",
    "ClosedDate": "2008-12-05T05:30:59.71-08:00",
    "CommentCount": 0,
    "Custom": null,
    "Description": "AddAttribute() in model doesn't properly check for name duplicity.\nThis may be the case with more than just AddAttribute() method.\n \nOr do we allow duplicity here?",
    "LastUpdatedDate": "2013-05-15T18:55:46.48-07:00",
    "PlannedForRelease": "",
    "ReleaseVisibleToPublic": false,
    "Priority": {
      "Name": "Medium",
      "Severity": 100,
      "Id": 2
    },
    "ProjectName": "xcase",
    "ReportedDate": "2008-12-01T04:46:45.49-08:00",
    "Status": {
      "Name": "Closed",
      "Id": 4
    },
    "ReasonClosed": {
      "Name": "Unassigned"
    },
    "Summary": "AddAttribute() in model doesn't properly check for name duplicity",
    "Type": {
      "Name": "Issue",
      "Id": 3
    },
    "VoteCount": 1,
    "Id": 2758
  },
  "FileAttachments": [],
  "Comments": [
    {
      "Message": "Model does not check any names. Should it do so?",
      "PostedDate": "2008-12-02T06:00:05.737-08:00",
      "Id": -2147483648
    },
    {
      "Message": "I tried to use the NameSuggestor in the PSMClass.AddAttribute() method but, since the name suggestor is already used in the command that calls the method and the name is set from the command, I can't see the reason to use it in the model. Help me, please!",
      "PostedDate": "2008-12-02T13:15:05.827-08:00",
      "Id": -2147483648
    },
    {
      "Message": "",
      "PostedDate": "2008-12-02T13:15:59.107-08:00",
      "Id": -2147483648
    },
    {
      "Message": "",
      "PostedDate": "2008-12-02T13:16:20.683-08:00",
      "Id": -2147483648
    },
    {
      "Message": "",
      "PostedDate": "2008-12-05T05:30:59.71-08:00",
      "Id": -2147483648
    },
    {
      "Message": "",
      "PostedDate": "2013-02-13T13:11:35.023-08:00",
      "Id": -2147483648
    },
    {
      "Message": "",
      "PostedDate": "2013-05-15T18:55:46.48-07:00",
      "Id": -2147483648
    }
  ]
}