{
  "WorkItem": {
    "AffectedComponent": {
      "Name": "User interface",
      "DisplayName": "User interface"
    },
    "ClosedComment": "",
    "ClosedDate": "2008-10-21T03:09:39.97-07:00",
    "CommentCount": 0,
    "Custom": null,
    "Description": "When there are multiple diagrams open and you delete any other than last one, diagram-specific toolbar section (PSM/PIM) disappears",
    "LastUpdatedDate": "2013-05-15T18:56:00.79-07:00",
    "PlannedForRelease": "",
    "ReleaseVisibleToPublic": false,
    "Priority": {
      "Name": "Low",
      "Severity": 50,
      "Id": 1
    },
    "ProjectName": "xcase",
    "ReportedDate": "2008-10-14T09:01:04.47-07:00",
    "Status": {
      "Name": "Closed",
      "Id": 4
    },
    "ReasonClosed": {
      "Name": "Unassigned"
    },
    "Summary": "Removing other than last diagram causes diagram-specific menu disappear",
    "Type": {
      "Name": "Issue",
      "Id": 3
    },
    "VoteCount": 1,
    "Id": 2455
  },
  "FileAttachments": [],
  "Comments": [
    {
      "Message": "Resolved with changeset 17295.",
      "PostedDate": "2008-10-21T03:09:39.97-07:00",
      "Id": -2147483648
    },
    {
      "Message": "",
      "PostedDate": "2013-02-13T13:11:52.63-08:00",
      "Id": -2147483648
    },
    {
      "Message": "",
      "PostedDate": "2013-05-15T18:56:00.79-07:00",
      "Id": -2147483648
    }
  ]
}