{
  "WorkItem": {
    "AffectedComponent": {
      "Name": "User interface",
      "DisplayName": "User interface"
    },
    "ClosedComment": "reworked",
    "ClosedDate": "2008-12-15T05:23:46.033-08:00",
    "CommentCount": 0,
    "Custom": null,
    "Description": "Properties: Bad resizing of textboxes for PSM Association (the last size is used)",
    "LastUpdatedDate": "2013-05-15T18:55:39.32-07:00",
    "PlannedForRelease": "",
    "ReleaseVisibleToPublic": false,
    "Priority": {
      "Name": "High",
      "Severity": 150,
      "Id": 3
    },
    "ProjectName": "xcase",
    "ReportedDate": "2008-12-10T14:01:46.82-08:00",
    "Status": {
      "Name": "Closed",
      "Id": 4
    },
    "ReasonClosed": {
      "Name": "Unassigned"
    },
    "Summary": "Properties: Bad resizing of textboxes for PSM Association",
    "Type": {
      "Name": "Issue",
      "Id": 3
    },
    "VoteCount": 1,
    "Id": 2844
  },
  "FileAttachments": [],
  "Comments": []
}