{
  "WorkItem": {
    "AffectedComponent": {
      "Name": "User interface",
      "DisplayName": "User interface"
    },
    "ClosedComment": "",
    "ClosedDate": "2008-11-23T11:32:40.917-08:00",
    "CommentCount": 0,
    "Custom": null,
    "Description": "Will there be a class dialog for PSM classes? And will it be the same as for PIM classes or more restrictive?",
    "LastUpdatedDate": "2013-05-15T18:55:54.387-07:00",
    "PlannedForRelease": "",
    "ReleaseVisibleToPublic": false,
    "Priority": {
      "Name": "Low",
      "Severity": 50,
      "Id": 1
    },
    "ProjectName": "xcase",
    "ReportedDate": "2008-11-14T01:49:35.447-08:00",
    "Status": {
      "Name": "Closed",
      "Id": 4
    },
    "ReasonClosed": {
      "Name": "Unassigned"
    },
    "Summary": "Class dialog for PSM classes",
    "Type": {
      "Name": "Feature",
      "Id": 1
    },
    "VoteCount": 0,
    "Id": 2603
  },
  "FileAttachments": [],
  "Comments": []
}