{
  "WorkItem": {
    "AffectedComponent": {
      "Name": "Model",
      "DisplayName": "Model"
    },
    "ClosedComment": "",
    "ClosedDate": "2008-11-09T02:02:49.99-08:00",
    "CommentCount": 0,
    "Custom": null,
    "Description": "RemoveMeFromModel called on PSMAssociation does not remove the association from the Components of the Parent element. \nThere may be the same error with the rest of subordinate components and maybe other similar scenarios (class under ClassUnion?).",
    "LastUpdatedDate": "2017-12-08T02:11:55.927-08:00",
    "PlannedForRelease": "",
    "ReleaseVisibleToPublic": false,
    "Priority": {
      "Name": "Medium",
      "Severity": 100,
      "Id": 2
    },
    "ProjectName": "xcase",
    "ReportedDate": "2008-11-08T14:16:41.223-08:00",
    "Status": {
      "Name": "Closed",
      "Id": 4
    },
    "ReasonClosed": {
      "Name": "Unassigned"
    },
    "Summary": "RemoveMeFromModel for PSMElements",
    "Type": {
      "Name": "Issue",
      "Id": 3
    },
    "VoteCount": 1,
    "Id": 2551
  },
  "FileAttachments": [],
  "Comments": [
    {
      "Message": "Resolved with changeset 17705.",
      "PostedDate": "2008-11-09T02:02:49.99-08:00",
      "Id": -2147483648
    },
    {
      "Message": "",
      "PostedDate": "2013-02-13T13:11:48.923-08:00",
      "Id": -2147483648
    },
    {
      "Message": "",
      "PostedDate": "2013-05-15T18:55:57.687-07:00",
      "Id": -2147483648
    },
    {
      "Message": "",
      "PostedDate": "2017-12-08T02:11:55.927-08:00",
      "Id": -2147483648
    }
  ]
}