{
  "WorkItem": {
    "AffectedComponent": {
      "Name": "Controller",
      "DisplayName": "Controller"
    },
    "ClosedComment": "",
    "ClosedDate": "2008-11-13T05:29:02.897-08:00",
    "CommentCount": 0,
    "Custom": null,
    "Description": "PSM Delete Subtree doesn't remove PSMClass from RepresentedPSMClasses collection of RepresentedClass.\nPSM Delete Subtree doesnt' remove the subtree :) only associations leading from source element.\nDoesn't remove comments",
    "LastUpdatedDate": "2017-12-08T02:15:50.5-08:00",
    "PlannedForRelease": "",
    "ReleaseVisibleToPublic": false,
    "Priority": {
      "Name": "High",
      "Severity": 150,
      "Id": 3
    },
    "ProjectName": "xcase",
    "ReportedDate": "2008-11-07T00:33:06.883-08:00",
    "Status": {
      "Name": "Closed",
      "Id": 4
    },
    "ReasonClosed": {
      "Name": "Unassigned"
    },
    "Summary": "PSM Delete Subtree",
    "Type": {
      "Name": "Issue",
      "Id": 3
    },
    "VoteCount": 1,
    "Id": 2547
  },
  "FileAttachments": [],
  "Comments": [
    {
      "Message": "I am working on the command right now - I have solved everything except Undo and deleting ClassUnion, so give me some time. ",
      "PostedDate": "2008-11-07T01:37:38.22-08:00",
      "Id": -2147483648
    },
    {
      "Message": "",
      "PostedDate": "2008-11-07T01:59:17.773-08:00",
      "Id": -2147483648
    },
    {
      "Message": "Associated with changeset 17702.",
      "PostedDate": "2008-11-08T14:17:58.397-08:00",
      "Id": -2147483648
    },
    {
      "Message": "Associated with changeset 17703.",
      "PostedDate": "2008-11-08T14:43:14.073-08:00",
      "Id": -2147483648
    },
    {
      "Message": "Resolved with changeset 17792.",
      "PostedDate": "2008-11-13T05:29:02.897-08:00",
      "Id": -2147483648
    },
    {
      "Message": "",
      "PostedDate": "2013-02-13T13:11:49.103-08:00",
      "Id": -2147483648
    },
    {
      "Message": "",
      "PostedDate": "2013-05-15T18:55:57.95-07:00",
      "Id": -2147483648
    },
    {
      "Message": "",
      "PostedDate": "2017-12-08T02:15:50.5-08:00",
      "Id": -2147483648
    }
  ]
}