{
  "WorkItem": {
    "AffectedComponent": {
      "Name": "",
      "DisplayName": ""
    },
    "ClosedComment": "",
    "ClosedDate": "2008-11-20T04:18:48.54-08:00",
    "CommentCount": 0,
    "Custom": null,
    "Description": "Add Derivation commands to toolbar",
    "LastUpdatedDate": "2017-12-08T02:07:38.45-08:00",
    "PlannedForRelease": "",
    "ReleaseVisibleToPublic": false,
    "Priority": {
      "Name": "Low",
      "Severity": 50,
      "Id": 1
    },
    "ProjectName": "xcase",
    "ReportedDate": "2008-11-20T03:12:41.967-08:00",
    "Status": {
      "Name": "Closed",
      "Id": 4
    },
    "ReasonClosed": {
      "Name": "Unassigned"
    },
    "Summary": "Add Derivation commands to toolbar",
    "Type": {
      "Name": "Feature",
      "Id": 1
    },
    "VoteCount": 1,
    "Id": 2666
  },
  "FileAttachments": [],
  "Comments": [
    {
      "Message": "Resolved with changeset 17950.",
      "PostedDate": "2008-11-20T04:18:48.54-08:00",
      "Id": -2147483648
    },
    {
      "Message": "",
      "PostedDate": "2013-02-13T13:11:43.533-08:00",
      "Id": -2147483648
    },
    {
      "Message": "",
      "PostedDate": "2013-05-15T18:55:52.893-07:00",
      "Id": -2147483648
    },
    {
      "Message": "",
      "PostedDate": "2017-12-08T02:07:38.45-08:00",
      "Id": -2147483648
    }
  ]
}