{
  "WorkItem": {
    "AffectedComponent": {
      "Name": "",
      "DisplayName": ""
    },
    "ClosedComment": "",
    "ClosedDate": "2008-12-16T11:17:36.037-08:00",
    "CommentCount": 0,
    "Custom": null,
    "Description": "Sometimes, RepresentedHighlight causes an exception when deleting diagram\n1. PIMClass1 & self-reference\n2. Derive\n3. AddChildren Class1(NewClass)\n4. AddChildren for the new class as SR (Class1)\n5. DeleteDiagram fails\n \nDeletePSMDiagramMacroCommand doesn't use \"SR safe\" deletion",
    "LastUpdatedDate": "2017-12-08T02:15:54.837-08:00",
    "PlannedForRelease": "",
    "ReleaseVisibleToPublic": false,
    "Priority": {
      "Name": "Medium",
      "Severity": 100,
      "Id": 2
    },
    "ProjectName": "xcase",
    "ReportedDate": "2008-12-15T13:18:07.443-08:00",
    "Status": {
      "Name": "Closed",
      "Id": 4
    },
    "ReasonClosed": {
      "Name": "Unassigned"
    },
    "Summary": "DeletePSMDiagramMacroCommand bug",
    "Type": {
      "Name": "Issue",
      "Id": 3
    },
    "VoteCount": 1,
    "Id": 2859
  },
  "FileAttachments": [],
  "Comments": [
    {
      "Message": "Resolved with changeset 19270.",
      "PostedDate": "2008-12-16T11:17:36.037-08:00",
      "Id": -2147483648
    },
    {
      "Message": "",
      "PostedDate": "2013-02-13T13:11:25.14-08:00",
      "Id": -2147483648
    },
    {
      "Message": "",
      "PostedDate": "2013-05-15T18:55:38.62-07:00",
      "Id": -2147483648
    },
    {
      "Message": "",
      "PostedDate": "2017-12-08T02:15:54.837-08:00",
      "Id": -2147483648
    }
  ]
}