{
  "WorkItem": {
    "AffectedComponent": {
      "Name": "",
      "DisplayName": ""
    },
    "ClosedComment": "",
    "ClosedDate": "2008-10-15T11:03:36.12-07:00",
    "CommentCount": 0,
    "Custom": null,
    "Description": "DoubleClick on Class in Navigator should show its attributes as it is with Model Classes item.",
    "LastUpdatedDate": "2013-05-15T18:56:01.82-07:00",
    "PlannedForRelease": "",
    "ReleaseVisibleToPublic": false,
    "Priority": {
      "Name": "Low",
      "Severity": 50,
      "Id": 1
    },
    "ProjectName": "xcase",
    "ReportedDate": "2008-10-07T02:54:20.397-07:00",
    "Status": {
      "Name": "Closed",
      "Id": 4
    },
    "ReasonClosed": {
      "Name": "Unassigned"
    },
    "Summary": "DoubleClick on Class in Navigator should show its attributes",
    "Type": {
      "Name": "Feature",
      "Id": 1
    },
    "VoteCount": 1,
    "Id": 2426
  },
  "FileAttachments": [],
  "Comments": [
    {
      "Message": "Resolved with changeset 17175.",
      "PostedDate": "2008-10-15T11:03:36.12-07:00",
      "Id": -2147483648
    },
    {
      "Message": "",
      "PostedDate": "2013-02-13T13:11:53.893-08:00",
      "Id": -2147483648
    },
    {
      "Message": "",
      "PostedDate": "2013-05-15T18:56:01.82-07:00",
      "Id": -2147483648
    }
  ]
}