{
  "WorkItem": {
    "AffectedComponent": {
      "Name": "",
      "DisplayName": ""
    },
    "ClosedComment": "",
    "ClosedDate": "2008-11-28T06:33:48.137-08:00",
    "CommentCount": 0,
    "Custom": null,
    "Description": "Deleting PIM attributes should cause deletion of all derived PSM attributes",
    "LastUpdatedDate": "2017-12-08T02:07:39.19-08:00",
    "PlannedForRelease": "",
    "ReleaseVisibleToPublic": false,
    "Priority": {
      "Name": "Low",
      "Severity": 50,
      "Id": 1
    },
    "ProjectName": "xcase",
    "ReportedDate": "2008-11-27T08:59:19.677-08:00",
    "Status": {
      "Name": "Closed",
      "Id": 4
    },
    "ReasonClosed": {
      "Name": "Unassigned"
    },
    "Summary": "Deleting PIM attributes",
    "Type": {
      "Name": "Feature",
      "Id": 1
    },
    "VoteCount": 1,
    "Id": 2733
  },
  "FileAttachments": [],
  "Comments": [
    {
      "Message": "Resolved with changeset 18101.",
      "PostedDate": "2008-11-28T06:33:48.137-08:00",
      "Id": -2147483648
    },
    {
      "Message": "",
      "PostedDate": "2013-02-13T13:11:38.25-08:00",
      "Id": -2147483648
    },
    {
      "Message": "",
      "PostedDate": "2013-05-15T18:55:48.57-07:00",
      "Id": -2147483648
    },
    {
      "Message": "",
      "PostedDate": "2017-12-08T02:07:39.19-08:00",
      "Id": -2147483648
    }
  ]
}