{
  "WorkItem": {
    "AffectedComponent": {
      "Name": "",
      "DisplayName": ""
    },
    "ClosedComment": "",
    "ClosedDate": "2008-12-03T04:17:51.72-08:00",
    "CommentCount": 0,
    "Custom": null,
    "Description": "PSMAttribute cardinality propagation to PIM",
    "LastUpdatedDate": "2017-12-08T02:07:39.677-08:00",
    "PlannedForRelease": "",
    "ReleaseVisibleToPublic": false,
    "Priority": {
      "Name": "Low",
      "Severity": 50,
      "Id": 1
    },
    "ProjectName": "xcase",
    "ReportedDate": "2008-11-27T09:02:58.613-08:00",
    "Status": {
      "Name": "Closed",
      "Id": 4
    },
    "ReasonClosed": {
      "Name": "Unassigned"
    },
    "Summary": "PSMAttribute cardinality propagation to PIM",
    "Type": {
      "Name": "Feature",
      "Id": 1
    },
    "VoteCount": 1,
    "Id": 2737
  },
  "FileAttachments": [],
  "Comments": [
    {
      "Message": "I declare this a \"model issue\" :)",
      "PostedDate": "2008-11-29T10:34:20.99-08:00",
      "Id": -2147483648
    },
    {
      "Message": "I declare this is not :)\r\nI asked Martin and he told me, that the propagation should not be automatic. Instead, the GUI should ask the user if he wants to propagate this change. Therefore, I reassign it to you ;)",
      "PostedDate": "2008-12-02T11:37:27.55-08:00",
      "Id": -2147483648
    },
    {
      "Message": "",
      "PostedDate": "2008-12-02T11:38:24.223-08:00",
      "Id": -2147483648
    },
    {
      "Message": "Ok, now I declare it evolution topic for Kuba :D",
      "PostedDate": "2008-12-03T02:33:06.747-08:00",
      "Id": -2147483648
    },
    {
      "Message": "Resolved with changeset 18211.",
      "PostedDate": "2008-12-03T04:17:51.72-08:00",
      "Id": -2147483648
    },
    {
      "Message": "",
      "PostedDate": "2013-02-13T13:11:37.563-08:00",
      "Id": -2147483648
    },
    {
      "Message": "",
      "PostedDate": "2013-05-15T18:55:47.977-07:00",
      "Id": -2147483648
    },
    {
      "Message": "",
      "PostedDate": "2017-12-08T02:07:39.677-08:00",
      "Id": -2147483648
    }
  ]
}