{
  "WorkItem": {
    "AffectedComponent": {
      "Name": "View",
      "DisplayName": "View"
    },
    "ClosedComment": "",
    "ClosedDate": "2008-11-01T15:50:14.69-07:00",
    "CommentCount": 0,
    "Custom": null,
    "Description": "When I select \"Collapse Properties\" on a class and then add a Property, this Property (and all the previously added) are visible.\nIt is inconsistent with \"Collapse Properties\" checked.\n \nThe same for Operations.\n \nI would also suggest to unify names:\nAdd Attribute vs Collapse Properties (Add Attribute+ Collapse Attributes OR Add Property + Collapse Properties)\nAdd Operation vs Collapse Methods",
    "LastUpdatedDate": "2013-05-15T18:55:59.24-07:00",
    "PlannedForRelease": "",
    "ReleaseVisibleToPublic": false,
    "Priority": {
      "Name": "Low",
      "Severity": 50,
      "Id": 1
    },
    "ProjectName": "xcase",
    "ReportedDate": "2008-10-26T02:45:33.027-07:00",
    "Status": {
      "Name": "Closed",
      "Id": 4
    },
    "ReasonClosed": {
      "Name": "Unassigned"
    },
    "Summary": "Collapse Properties/Operations",
    "Type": {
      "Name": "Issue",
      "Id": 3
    },
    "VoteCount": 1,
    "Id": 2511
  },
  "FileAttachments": [],
  "Comments": []
}