{
  "WorkItem": {
    "AffectedComponent": {
      "Name": "User interface",
      "DisplayName": "User interface"
    },
    "ClosedComment": "GUI implemented. Subsequent changes should have concrete WorkItems",
    "ClosedDate": "2008-11-13T04:24:48.113-08:00",
    "CommentCount": 0,
    "Custom": null,
    "Description": "Create user interface for creating and editing diagrams",
    "LastUpdatedDate": "2013-05-15T18:56:02.68-07:00",
    "PlannedForRelease": "",
    "ReleaseVisibleToPublic": false,
    "Priority": {
      "Name": "High",
      "Severity": 150,
      "Id": 3
    },
    "ProjectName": "xcase",
    "ReportedDate": "2008-09-16T14:50:36.44-07:00",
    "Status": {
      "Name": "Closed",
      "Id": 4
    },
    "ReasonClosed": {
      "Name": "Unassigned"
    },
    "Summary": "GUI for xcase",
    "Type": {
      "Name": "Task",
      "Id": 2
    },
    "VoteCount": 2,
    "Id": 2326
  },
  "FileAttachments": [],
  "Comments": [
    {
      "Message": "Associated with changeset 16104.",
      "PostedDate": "2008-09-16T14:51:36.407-07:00",
      "Id": -2147483648
    },
    {
      "Message": "",
      "PostedDate": "2008-10-09T06:16:19.14-07:00",
      "Id": -2147483648
    },
    {
      "Message": "Associated with changeset 16976.",
      "PostedDate": "2008-10-09T09:36:19.94-07:00",
      "Id": -2147483648
    },
    {
      "Message": "Associated with changeset 17119.",
      "PostedDate": "2008-10-14T07:56:16.44-07:00",
      "Id": -2147483648
    },
    {
      "Message": "Associated with changeset 17201.",
      "PostedDate": "2008-10-16T13:54:57.247-07:00",
      "Id": -2147483648
    },
    {
      "Message": "Associated with changeset 17217.",
      "PostedDate": "2008-10-17T05:41:06.373-07:00",
      "Id": -2147483648
    },
    {
      "Message": "Associated with changeset 17252.",
      "PostedDate": "2008-10-20T00:04:59.477-07:00",
      "Id": -2147483648
    },
    {
      "Message": "Associated with changeset 17280.",
      "PostedDate": "2008-10-20T15:05:32.877-07:00",
      "Id": -2147483648
    },
    {
      "Message": "Associated with changeset 17324.",
      "PostedDate": "2008-10-22T14:41:58.43-07:00",
      "Id": -2147483648
    },
    {
      "Message": "Associated with changeset 17351.",
      "PostedDate": "2008-10-23T08:49:31.96-07:00",
      "Id": -2147483648
    },
    {
      "Message": "Associated with changeset 17355.",
      "PostedDate": "2008-10-23T09:20:39.903-07:00",
      "Id": -2147483648
    },
    {
      "Message": "Resolved with changeset 17450.",
      "PostedDate": "2008-10-27T11:43:51.15-07:00",
      "Id": -2147483648
    },
    {
      "Message": "\r\n\r\n** Closed by Trupik 10/27/2008 11:43 AM",
      "PostedDate": "2008-10-28T01:35:07.173-07:00",
      "Id": -2147483648
    },
    {
      "Message": "",
      "PostedDate": "2008-10-28T01:35:07.563-07:00",
      "Id": -2147483648
    },
    {
      "Message": "",
      "PostedDate": "2008-10-28T01:39:32-07:00",
      "Id": -2147483648
    },
    {
      "Message": "Resolved with changeset 17508.",
      "PostedDate": "2008-10-29T15:25:06.263-07:00",
      "Id": -2147483648
    },
    {
      "Message": "\r\n\r\n** Closed by Trupik 10/29/2008 3:25 PM",
      "PostedDate": "2008-11-02T12:42:56.797-08:00",
      "Id": -2147483648
    },
    {
      "Message": "",
      "PostedDate": "2008-11-02T12:42:57.767-08:00",
      "Id": -2147483648
    },
    {
      "Message": "",
      "PostedDate": "2008-11-02T12:43:59.783-08:00",
      "Id": -2147483648
    },
    {
      "Message": "Associated with changeset 17554.",
      "PostedDate": "2008-11-02T12:44:32.343-08:00",
      "Id": -2147483648
    },
    {
      "Message": "Associated with changeset 17583.",
      "PostedDate": "2008-11-04T03:56:55.083-08:00",
      "Id": -2147483648
    },
    {
      "Message": "Associated with changeset 17591.",
      "PostedDate": "2008-11-04T12:29:16.95-08:00",
      "Id": -2147483648
    },
    {
      "Message": "Associated with changeset 17669.",
      "PostedDate": "2008-11-07T01:56:43.01-08:00",
      "Id": -2147483648
    },
    {
      "Message": "Associated with changeset 17783.",
      "PostedDate": "2008-11-13T02:16:19.4-08:00",
      "Id": -2147483648
    },
    {
      "Message": "Associated with changeset 17784.",
      "PostedDate": "2008-11-13T02:24:58.787-08:00",
      "Id": -2147483648
    },
    {
      "Message": "",
      "PostedDate": "2008-11-13T04:24:48.113-08:00",
      "Id": -2147483648
    },
    {
      "Message": "",
      "PostedDate": "2013-02-13T13:11:55.04-08:00",
      "Id": -2147483648
    },
    {
      "Message": "",
      "PostedDate": "2013-05-15T18:56:02.68-07:00",
      "Id": -2147483648
    }
  ]
}