{
  "WorkItem": {
    "AffectedComponent": {
      "Name": "Controller",
      "DisplayName": "Controller"
    },
    "ClosedComment": "It doesn't do it anymore.",
    "ClosedDate": "2008-11-23T13:18:09.457-08:00",
    "CommentCount": 0,
    "Custom": null,
    "Description": "Setting AssociatedElements in RenameElement command causes view not to display the correct new name.",
    "LastUpdatedDate": "2013-05-15T18:55:54.257-07:00",
    "PlannedForRelease": "",
    "ReleaseVisibleToPublic": false,
    "Priority": {
      "Name": "Medium",
      "Severity": 100,
      "Id": 2
    },
    "ProjectName": "xcase",
    "ReportedDate": "2008-11-16T01:36:39-08:00",
    "Status": {
      "Name": "Closed",
      "Id": 4
    },
    "ReasonClosed": {
      "Name": "Unassigned"
    },
    "Summary": "AssociatedElements in RenameElement command cause bad text to be displayed",
    "Type": {
      "Name": "Issue",
      "Id": 3
    },
    "VoteCount": 1,
    "Id": 2622
  },
  "FileAttachments": [],
  "Comments": []
}