{
  "WorkItem": {
    "AffectedComponent": {
      "Name": "",
      "DisplayName": ""
    },
    "ClosedComment": "Fixed",
    "ClosedDate": "2008-12-15T00:39:23.55-08:00",
    "CommentCount": 0,
    "Custom": null,
    "Description": "NestingJoin.Context type has changed from PIMPath to ObservableCollection<PIMPath>, the serializator needs to be updated appropriately.",
    "LastUpdatedDate": "2013-05-15T18:55:45.657-07:00",
    "PlannedForRelease": "",
    "ReleaseVisibleToPublic": false,
    "Priority": {
      "Name": "Medium",
      "Severity": 100,
      "Id": 2
    },
    "ProjectName": "xcase",
    "ReportedDate": "2008-12-01T12:59:05.797-08:00",
    "Status": {
      "Name": "Closed",
      "Id": 4
    },
    "ReasonClosed": {
      "Name": "Unassigned"
    },
    "Summary": "Serialization / deserialization of NestingJoin.Context property",
    "Type": {
      "Name": "Task",
      "Id": 2
    },
    "VoteCount": 0,
    "Id": 2766
  },
  "FileAttachments": [],
  "Comments": []
}