{
  "WorkItem": {
    "AffectedComponent": {
      "Name": "Controller",
      "DisplayName": "Controller"
    },
    "ClosedComment": "All CommandControllers, ElementControllers and planned commands implemented. Subsequent changes should have concrete WorkItems.",
    "ClosedDate": "2008-11-13T04:23:49.053-08:00",
    "CommentCount": 0,
    "Custom": null,
    "Description": "Implement controller classes between model and view.",
    "LastUpdatedDate": "2013-05-15T18:56:03.657-07:00",
    "PlannedForRelease": "",
    "ReleaseVisibleToPublic": false,
    "Priority": {
      "Name": "Medium",
      "Severity": 100,
      "Id": 2
    },
    "ProjectName": "xcase",
    "ReportedDate": "2008-06-09T08:10:49.663-07:00",
    "Status": {
      "Name": "Closed",
      "Id": 4
    },
    "ReasonClosed": {
      "Name": "Unassigned"
    },
    "Summary": "Controller",
    "Type": {
      "Name": "Task",
      "Id": 2
    },
    "VoteCount": 1,
    "Id": 1300
  },
  "FileAttachments": [],
  "Comments": [
    {
      "Message": "Associated with changeset 11417.",
      "PostedDate": "2008-07-05T03:36:35.683-07:00",
      "Id": -2147483648
    },
    {
      "Message": "Associated with changeset 11506.",
      "PostedDate": "2008-07-07T04:36:06.22-07:00",
      "Id": -2147483648
    },
    {
      "Message": "Associated with changeset 11507.",
      "PostedDate": "2008-07-07T04:40:44.483-07:00",
      "Id": -2147483648
    },
    {
      "Message": "Associated with changeset 11577.",
      "PostedDate": "2008-07-08T06:19:23.51-07:00",
      "Id": -2147483648
    },
    {
      "Message": "Associated with changeset 14686.",
      "PostedDate": "2008-08-20T02:54:00.43-07:00",
      "Id": -2147483648
    },
    {
      "Message": "Associated with changeset 14912.",
      "PostedDate": "2008-08-25T07:53:32.687-07:00",
      "Id": -2147483648
    },
    {
      "Message": "",
      "PostedDate": "2008-09-14T10:10:15.257-07:00",
      "Id": -2147483648
    },
    {
      "Message": "Associated with changeset 16253.",
      "PostedDate": "2008-09-19T00:10:28.667-07:00",
      "Id": -2147483648
    },
    {
      "Message": "Associated with changeset 16692.",
      "PostedDate": "2008-09-30T04:30:42.5-07:00",
      "Id": -2147483648
    },
    {
      "Message": "Associated with changeset 16814.",
      "PostedDate": "2008-10-04T11:43:34.003-07:00",
      "Id": -2147483648
    },
    {
      "Message": "Associated with changeset 16855.",
      "PostedDate": "2008-10-05T15:12:54.823-07:00",
      "Id": -2147483648
    },
    {
      "Message": "Associated with changeset 16888.",
      "PostedDate": "2008-10-07T02:13:50.537-07:00",
      "Id": -2147483648
    },
    {
      "Message": "Associated with changeset 16971.",
      "PostedDate": "2008-10-09T05:35:43.297-07:00",
      "Id": -2147483648
    },
    {
      "Message": "",
      "PostedDate": "2008-10-09T06:13:30.253-07:00",
      "Id": -2147483648
    },
    {
      "Message": "Associated with changeset 16973.",
      "PostedDate": "2008-10-09T07:21:13.81-07:00",
      "Id": -2147483648
    },
    {
      "Message": "Associated with changeset 17112.",
      "PostedDate": "2008-10-14T05:04:53.93-07:00",
      "Id": -2147483648
    },
    {
      "Message": "Associated with changeset 17124.",
      "PostedDate": "2008-10-14T09:40:14.627-07:00",
      "Id": -2147483648
    },
    {
      "Message": "Associated with changeset 17176.",
      "PostedDate": "2008-10-15T11:25:15.9-07:00",
      "Id": -2147483648
    },
    {
      "Message": "Associated with changeset 17196.",
      "PostedDate": "2008-10-16T12:28:56.233-07:00",
      "Id": -2147483648
    },
    {
      "Message": "Associated with changeset 17201.",
      "PostedDate": "2008-10-16T13:54:57.78-07:00",
      "Id": -2147483648
    },
    {
      "Message": "Associated with changeset 17211.",
      "PostedDate": "2008-10-17T01:09:33.227-07:00",
      "Id": -2147483648
    },
    {
      "Message": "Associated with changeset 17213.",
      "PostedDate": "2008-10-17T01:56:45.517-07:00",
      "Id": -2147483648
    },
    {
      "Message": "Associated with changeset 17255.",
      "PostedDate": "2008-10-20T04:08:18.413-07:00",
      "Id": -2147483648
    },
    {
      "Message": "Associated with changeset 17280.",
      "PostedDate": "2008-10-20T15:05:34.253-07:00",
      "Id": -2147483648
    },
    {
      "Message": "Associated with changeset 17295.",
      "PostedDate": "2008-10-21T03:09:40.75-07:00",
      "Id": -2147483648
    },
    {
      "Message": "Associated with changeset 17340.",
      "PostedDate": "2008-10-23T01:31:36.15-07:00",
      "Id": -2147483648
    },
    {
      "Message": "Associated with changeset 17342.",
      "PostedDate": "2008-10-23T02:30:50.043-07:00",
      "Id": -2147483648
    },
    {
      "Message": "Associated with changeset 17351.",
      "PostedDate": "2008-10-23T08:49:33.363-07:00",
      "Id": -2147483648
    },
    {
      "Message": "Associated with changeset 17355.",
      "PostedDate": "2008-10-23T09:20:40.48-07:00",
      "Id": -2147483648
    },
    {
      "Message": "Associated with changeset 17420.",
      "PostedDate": "2008-10-26T05:00:52.647-07:00",
      "Id": -2147483648
    },
    {
      "Message": "Associated with changeset 17443.",
      "PostedDate": "2008-10-27T03:55:20.143-07:00",
      "Id": -2147483648
    },
    {
      "Message": "Resolved with changeset 17450.",
      "PostedDate": "2008-10-27T11:43:52.4-07:00",
      "Id": -2147483648
    },
    {
      "Message": "\r\n\r\n** Closed by Trupik 10/27/2008 11:43 AM",
      "PostedDate": "2008-10-28T01:34:33.253-07:00",
      "Id": -2147483648
    },
    {
      "Message": "",
      "PostedDate": "2008-10-28T01:34:33.737-07:00",
      "Id": -2147483648
    },
    {
      "Message": "",
      "PostedDate": "2008-10-28T01:39:30.687-07:00",
      "Id": -2147483648
    },
    {
      "Message": "Associated with changeset 17468.",
      "PostedDate": "2008-10-28T01:46:12.687-07:00",
      "Id": -2147483648
    },
    {
      "Message": "Associated with changeset 17470.",
      "PostedDate": "2008-10-28T01:53:05.433-07:00",
      "Id": -2147483648
    },
    {
      "Message": "Associated with changeset 17532.",
      "PostedDate": "2008-10-31T04:59:26.82-07:00",
      "Id": -2147483648
    },
    {
      "Message": "Associated with changeset 17552.",
      "PostedDate": "2008-11-02T05:31:01.213-08:00",
      "Id": -2147483648
    },
    {
      "Message": "Associated with changeset 17582.",
      "PostedDate": "2008-11-04T03:11:20.9-08:00",
      "Id": -2147483648
    },
    {
      "Message": "Associated with changeset 17583.",
      "PostedDate": "2008-11-04T03:56:55.63-08:00",
      "Id": -2147483648
    },
    {
      "Message": "Associated with changeset 17587.",
      "PostedDate": "2008-11-04T12:17:01.937-08:00",
      "Id": -2147483648
    },
    {
      "Message": "Associated with changeset 17644.",
      "PostedDate": "2008-11-06T03:48:29.397-08:00",
      "Id": -2147483648
    },
    {
      "Message": "Associated with changeset 17664.",
      "PostedDate": "2008-11-07T00:22:01.407-08:00",
      "Id": -2147483648
    },
    {
      "Message": "Associated with changeset 17702.",
      "PostedDate": "2008-11-08T14:17:59.007-08:00",
      "Id": -2147483648
    },
    {
      "Message": "Associated with changeset 17703.",
      "PostedDate": "2008-11-08T14:43:14.667-08:00",
      "Id": -2147483648
    },
    {
      "Message": "Associated with changeset 17784.",
      "PostedDate": "2008-11-13T02:25:00.27-08:00",
      "Id": -2147483648
    },
    {
      "Message": "Associated with changeset 17789.",
      "PostedDate": "2008-11-13T03:31:23.26-08:00",
      "Id": -2147483648
    },
    {
      "Message": "",
      "PostedDate": "2008-11-13T04:23:49.053-08:00",
      "Id": -2147483648
    },
    {
      "Message": "",
      "PostedDate": "2013-02-13T13:11:56.213-08:00",
      "Id": -2147483648
    },
    {
      "Message": "",
      "PostedDate": "2013-05-15T18:56:03.657-07:00",
      "Id": -2147483648
    }
  ]
}