{
  "WorkItem": {
    "AffectedComponent": {
      "Name": "",
      "DisplayName": ""
    },
    "ClosedComment": "",
    "ClosedDate": "2008-11-29T10:23:32.32-08:00",
    "CommentCount": 0,
    "Custom": null,
    "Description": "Clicking on Canvas when editing ClassName causes exception in XCaseCanvasState",
    "LastUpdatedDate": "2017-12-08T02:15:52.967-08:00",
    "PlannedForRelease": "",
    "ReleaseVisibleToPublic": false,
    "Priority": {
      "Name": "Medium",
      "Severity": 100,
      "Id": 2
    },
    "ProjectName": "xcase",
    "ReportedDate": "2008-11-29T09:59:35.33-08:00",
    "Status": {
      "Name": "Closed",
      "Id": 4
    },
    "ReasonClosed": {
      "Name": "Unassigned"
    },
    "Summary": "Clicking on Canvas when editing ClassName causes exception in XCaseCanvasState",
    "Type": {
      "Name": "Issue",
      "Id": 3
    },
    "VoteCount": 1,
    "Id": 2748
  },
  "FileAttachments": [],
  "Comments": [
    {
      "Message": "Resolved with changeset 18116.",
      "PostedDate": "2008-11-29T10:23:32.32-08:00",
      "Id": -2147483648
    },
    {
      "Message": "",
      "PostedDate": "2013-02-13T13:11:35.55-08:00",
      "Id": -2147483648
    },
    {
      "Message": "",
      "PostedDate": "2013-05-15T18:55:46.88-07:00",
      "Id": -2147483648
    },
    {
      "Message": "",
      "PostedDate": "2017-12-08T02:15:52.967-08:00",
      "Id": -2147483648
    }
  ]
}