{
  "WorkItem": {
    "AffectedComponent": {
      "Name": "",
      "DisplayName": ""
    },
    "ClosedComment": "fixed by using the startup template",
    "ClosedDate": "2008-10-27T00:28:29.88-07:00",
    "CommentCount": 0,
    "Custom": null,
    "Description": "When a project is created, the command adding a diagram is put into the undo stack, which is not good, because when this command is undone, the DiagramController is destroyed along with the Redo Stack. And, it is weird to have non-empty undo stack on application start. This will be difficult to fix due to command implementation nature. CommandOperation would have to be called directly, which is not possible, because it is internal to UMLController.",
    "LastUpdatedDate": "2013-05-15T18:56:00.527-07:00",
    "PlannedForRelease": "",
    "ReleaseVisibleToPublic": false,
    "Priority": {
      "Name": "Medium",
      "Severity": 100,
      "Id": 2
    },
    "ProjectName": "xcase",
    "ReportedDate": "2008-10-17T01:03:30.107-07:00",
    "Status": {
      "Name": "Closed",
      "Id": 4
    },
    "ReasonClosed": {
      "Name": "Unassigned"
    },
    "Summary": "When a project is created, there is already one command in the undo stack",
    "Type": {
      "Name": "Issue",
      "Id": 3
    },
    "VoteCount": 1,
    "Id": 2471
  },
  "FileAttachments": [],
  "Comments": []
}