{
  "WorkItem": {
    "AffectedComponent": {
      "Name": "Reverse",
      "DisplayName": "Reverse"
    },
    "ClosedComment": "",
    "ClosedDate": null,
    "CommentCount": 0,
    "Custom": null,
    "Description": "Class CompanyName is nested both under UniqueID_Type (general) and UniqueID (specialized).",
    "LastUpdatedDate": "2017-12-08T02:07:42.193-08:00",
    "PlannedForRelease": "",
    "ReleaseVisibleToPublic": false,
    "Priority": {
      "Name": "Medium",
      "Severity": 100,
      "Id": 2
    },
    "ProjectName": "xcase",
    "ReportedDate": "2010-03-25T14:32:29.59-07:00",
    "Status": {
      "Name": "Proposed",
      "Id": 1
    },
    "ReasonClosed": {
      "Name": "Unassigned"
    },
    "Summary": "XSD->PSM: Nesting repeated in derived class",
    "Type": {
      "Name": "Issue",
      "Id": 3
    },
    "VoteCount": 1,
    "Id": 5615
  },
  "FileAttachments": [
    {
      "FileId": 1891,
      "FileName": "FS_OTA_CancelRQ-2008A.xsd",
      "DownloadUrl": ".\\1891"
    }
  ],
  "Comments": []
}