{
  "WorkItem": {
    "AffectedComponent": {
      "Name": "",
      "DisplayName": ""
    },
    "ClosedComment": "Done",
    "ClosedDate": "2008-12-17T11:18:42.69-08:00",
    "CommentCount": 0,
    "Custom": null,
    "Description": "Click on the XCase file icon in Windows runs XCase + opens the project. in it.\n \n[Work in progress. It should work but there is something strange right now]",
    "LastUpdatedDate": "2013-05-15T18:55:38.217-07:00",
    "PlannedForRelease": "",
    "ReleaseVisibleToPublic": false,
    "Priority": {
      "Name": "High",
      "Severity": 150,
      "Id": 3
    },
    "ProjectName": "xcase",
    "ReportedDate": "2008-12-17T07:07:42.797-08:00",
    "Status": {
      "Name": "Closed",
      "Id": 4
    },
    "ReasonClosed": {
      "Name": "Unassigned"
    },
    "Summary": "XCase files are opened in XCase",
    "Type": {
      "Name": "Feature",
      "Id": 1
    },
    "VoteCount": 1,
    "Id": 2881
  },
  "FileAttachments": [],
  "Comments": []
}