{
  "WorkItem": {
    "AffectedComponent": {
      "Name": "User interface",
      "DisplayName": "User interface"
    },
    "ClosedComment": "Properties window implemented. Further changes should have dedicated WorkItems",
    "ClosedDate": "2008-11-16T01:31:58.91-08:00",
    "CommentCount": 0,
    "Custom": null,
    "Description": "Properties window should display properties of selected components and also set the properties using commands",
    "LastUpdatedDate": "2013-05-15T18:56:02.953-07:00",
    "PlannedForRelease": "",
    "ReleaseVisibleToPublic": false,
    "Priority": {
      "Name": "High",
      "Severity": 150,
      "Id": 3
    },
    "ProjectName": "xcase",
    "ReportedDate": "2008-09-14T04:51:16.097-07:00",
    "Status": {
      "Name": "Closed",
      "Id": 4
    },
    "ReasonClosed": {
      "Name": "Unassigned"
    },
    "Summary": "Properties Window",
    "Type": {
      "Name": "Feature",
      "Id": 1
    },
    "VoteCount": 2,
    "Id": 2296
  },
  "FileAttachments": [],
  "Comments": []
}