{
  "WorkItem": {
    "AffectedComponent": {
      "Name": "",
      "DisplayName": ""
    },
    "ClosedComment": "",
    "ClosedDate": "2008-11-01T14:52:08.243-07:00",
    "CommentCount": 0,
    "Custom": null,
    "Description": "Move left and move right is disabled when selected class is under a ContentContainer",
    "LastUpdatedDate": "2017-12-08T02:15:50.34-08:00",
    "PlannedForRelease": "",
    "ReleaseVisibleToPublic": false,
    "Priority": {
      "Name": "Medium",
      "Severity": 100,
      "Id": 2
    },
    "ProjectName": "xcase",
    "ReportedDate": "2008-11-01T13:56:21.28-07:00",
    "Status": {
      "Name": "Closed",
      "Id": 4
    },
    "ReasonClosed": {
      "Name": "Unassigned"
    },
    "Summary": "Left and right PSM command is not working under ContentContainer",
    "Type": {
      "Name": "Issue",
      "Id": 3
    },
    "VoteCount": 1,
    "Id": 2536
  },
  "FileAttachments": [],
  "Comments": [
    {
      "Message": "Resolved with changeset 17547.",
      "PostedDate": "2008-11-01T14:52:08.243-07:00",
      "Id": -2147483648
    },
    {
      "Message": "",
      "PostedDate": "2013-02-13T13:11:49.693-08:00",
      "Id": -2147483648
    },
    {
      "Message": "",
      "PostedDate": "2013-05-15T18:55:58.357-07:00",
      "Id": -2147483648
    },
    {
      "Message": "",
      "PostedDate": "2017-12-08T02:15:50.34-08:00",
      "Id": -2147483648
    }
  ]
}