[
  {
    "Id": 1218,
    "Title": "UML model manipulation library"
  },
  {
    "Id": 1299,
    "Title": "XCase user project infrastructure"
  },
  {
    "Id": 1300,
    "Title": "Controller"
  },
  {
    "Id": 1400,
    "Title": "Diagram saving / loading"
  },
  {
    "Id": 1401,
    "Title": "Model serialization"
  },
  {
    "Id": 1402,
    "Title": "Diagram events"
  },
  {
    "Id": 2295,
    "Title": "Restructure View to avoid code repetition"
  },
  {
    "Id": 2296,
    "Title": "Properties Window"
  },
  {
    "Id": 2297,
    "Title": "Dialog windows for editing diagram elements"
  },
  {
    "Id": 2326,
    "Title": "GUI for xcase"
  },
  {
    "Id": 2327,
    "Title": "View elements"
  },
  {
    "Id": 2348,
    "Title": "Adjustment of ClassUnion and ContentChoice appereance"
  },
  {
    "Id": 2423,
    "Title": "ArgumentOutOfRangeException in AssociationViewHelper"
  },
  {
    "Id": 2424,
    "Title": "Move Project from WPFGui to UMLModel"
  },
  {
    "Id": 2425,
    "Title": "Cannot use DerivePSMClass() on PIMClass"
  },
  {
    "Id": 2426,
    "Title": "DoubleClick on Class in Navigator should show its attributes"
  },
  {
    "Id": 2433,
    "Title": "Documentation"
  },
  {
    "Id": 2434,
    "Title": "Export diagram to image"
  },
  {
    "Id": 2439,
    "Title": "PSM diagram > Xml Schema translation"
  },
  {
    "Id": 2440,
    "Title": "Auto-layouting PSM diagrams"
  },
  {
    "Id": 2447,
    "Title": "Navigator Window"
  },
  {
    "Id": 2454,
    "Title": "Property window issues extra Rename commands"
  },
  {
    "Id": 2455,
    "Title": "Removing other than last diagram causes diagram-specific menu disappear"
  },
  {
    "Id": 2457,
    "Title": "Make the PSM Class move in view"
  },
  {
    "Id": 2471,
    "Title": "When a project is created, there is already one command in the undo stack"
  },
  {
    "Id": 2480,
    "Title": "Allow activating Diagrams from Controller"
  },
  {
    "Id": 2482,
    "Title": "XCase doesnt terminate after deleting from model"
  },
  {
    "Id": 2488,
    "Title": "Adding PSMAttribute to PSMClass fails"
  },
  {
    "Id": 2500,
    "Title": "ActiveDiagramChanged not invoked when closing a diagram"
  },
  {
    "Id": 2501,
    "Title": "Dragging class from Navigator does not work"
  },
  {
    "Id": 2502,
    "Title": "AttributeContainer can not be created"
  },
  {
    "Id": 2508,
    "Title": "XCase XML output not valid"
  },
  {
    "Id": 2511,
    "Title": "Collapse Properties/Operations"
  },
  {
    "Id": 2516,
    "Title": "Adding PSMAssociation fails"
  },
  {
    "Id": 2517,
    "Title": "RemovePSMAttributeCommand does not work for AttributeContainer"
  },
  {
    "Id": 2519,
    "Title": "Deriving PSM class to existing diagram fails if the diagram is not opened"
  },
  {
    "Id": 2524,
    "Title": "Reimplement PIM commands to keep PSM consistency"
  },
  {
    "Id": 2535,
    "Title": "Attributes in AttributeContainer can be added again to the base class"
  },
  {
    "Id": 2536,
    "Title": "Left and right PSM command is not working under ContentContainer"
  },
  {
    "Id": 2542,
    "Title": "AddChildren command without dialogs"
  },
  {
    "Id": 2546,
    "Title": "Serialization of PSMElementViewHelper"
  },
  {
    "Id": 2547,
    "Title": "PSM Delete Subtree"
  },
  {
    "Id": 2551,
    "Title": "RemoveMeFromModel for PSMElements"
  },
  {
    "Id": 2561,
    "Title": "Move to left/move to right and layouting"
  },
  {
    "Id": 2564,
    "Title": "Move to left/move to right buttons visibility"
  },
  {
    "Id": 2568,
    "Title": "AddAttribute in PSMDiagram"
  },
  {
    "Id": 2569,
    "Title": "PropertiesWindow and AssociationLabel"
  },
  {
    "Id": 2570,
    "Title": "PSM layout not updating after deleting an element"
  },
  {
    "Id": 2571,
    "Title": "PSMAttributes cannot be moved back from AttributeContainer"
  },
  {
    "Id": 2572,
    "Title": "Empty AttributeContainer creation when no attributes available"
  },
  {
    "Id": 2583,
    "Title": "Deleting nested ClassUnion"
  },
  {
    "Id": 2585,
    "Title": "AddPSMChildren command to include inheritance"
  },
  {
    "Id": 2586,
    "Title": "Check PSMAttribute's alias when adding an attribute"
  },
  {
    "Id": 2587,
    "Title": "Remove Operations from PSMDiagram and PSMElements"
  },
  {
    "Id": 2588,
    "Title": "PSMAssociation's RemoveMeFromModel() \"not set to an instance of object\" exception"
  },
  {
    "Id": 2589,
    "Title": "Primitive types don't show in property dialog"
  },
  {
    "Id": 2590,
    "Title": "Before deleting PIM class, check whether it is not used as a type of some attributes"
  },
  {
    "Id": 2591,
    "Title": "Specializations in PSM diagrams"
  },
  {
    "Id": 2592,
    "Title": "Doubleclicking attribute does not show Attribute dialog but class dialog"
  },
  {
    "Id": 2593,
    "Title": "Deleting from PIM (model)"
  },
  {
    "Id": 2594,
    "Title": "Change \"Rename\" caption to something more meaningful"
  },
  {
    "Id": 2595,
    "Title": "Child PSM class should see its PSMAssociation"
  },
  {
    "Id": 2596,
    "Title": "Traversing PSM tree using keyboard arrows"
  },
  {
    "Id": 2597,
    "Title": "AllAssociations virtual collection"
  },
  {
    "Id": 2598,
    "Title": "Properties window behaviour"
  },
  {
    "Id": 2603,
    "Title": "Class dialog for PSM classes"
  },
  {
    "Id": 2622,
    "Title": "AssociatedElements in RenameElement command cause bad text to be displayed"
  },
  {
    "Id": 2635,
    "Title": "Autolayouting can't handle nested class union"
  },
  {
    "Id": 2639,
    "Title": "PSM-only attributes cannot be moved to AttributeContainer"
  },
  {
    "Id": 2640,
    "Title": "DiagramController to use ModelControllers UndoStack"
  },
  {
    "Id": 2641,
    "Title": "Property should be aware of derived PSMAttributes"
  },
  {
    "Id": 2642,
    "Title": "Layouting after deleting subtree causes exception"
  },
  {
    "Id": 2643,
    "Title": "Properties: PSMAssociation MultiplicityLabel"
  },
  {
    "Id": 2644,
    "Title": "MultiplicityLabel in PSMAssociation editing does nothing"
  },
  {
    "Id": 2645,
    "Title": "Generalizations and tree-layouting"
  },
  {
    "Id": 2652,
    "Title": "Component index of new Content Choice, Content Container, Class Union"
  },
  {
    "Id": 2666,
    "Title": "Add Derivation commands to toolbar"
  },
  {
    "Id": 2667,
    "Title": "Change nesting joins"
  },
  {
    "Id": 2668,
    "Title": "Add support for association class to AddPSMChildrenCommand"
  },
  {
    "Id": 2670,
    "Title": "DockingLibrary: Many open diagrams don't cause the diagrambar to scroll"
  },
  {
    "Id": 2683,
    "Title": "Clicking on MultiplicityLabel of PSMAssociation causes exception"
  },
  {
    "Id": 2694,
    "Title": "Layouting & autosize of elements"
  },
  {
    "Id": 2695,
    "Title": "Dialog window for PSMClass"
  },
  {
    "Id": 2696,
    "Title": "Dialog window for PSMAssociation"
  },
  {
    "Id": 2697,
    "Title": "Dialog window for Operation and PSMOperation"
  },
  {
    "Id": 2705,
    "Title": "RemoveMeFromModel() not functional"
  },
  {
    "Id": 2706,
    "Title": "Rename AddAttributes to Manage Attributes?"
  },
  {
    "Id": 2707,
    "Title": "When Undo fails, message should be shown"
  },
  {
    "Id": 2708,
    "Title": "When dragging from toolbar, drag mouse cursor should be shown"
  },
  {
    "Id": 2709,
    "Title": "Clicking Commentary when element is selected should add a commentary on a default position"
  },
  {
    "Id": 2710,
    "Title": "Saving editor layout within the project?"
  },
  {
    "Id": 2711,
    "Title": "When connection is dragged, \"Hand\" mouse cursor is never shown again when draging elements onto a diagram"
  },
  {
    "Id": 2717,
    "Title": "Property window editing"
  },
  {
    "Id": 2718,
    "Title": "Remove PSM attribute from Attribute Container not working"
  },
  {
    "Id": 2719,
    "Title": "SimpleDataTypes XSDImplementatioin"
  },
  {
    "Id": 2720,
    "Title": "Move left & Move right extension"
  },
  {
    "Id": 2721,
    "Title": "Redo reimplementation"
  },
  {
    "Id": 2725,
    "Title": "Delete PSM Diagram doesn't delete its elements"
  },
  {
    "Id": 2726,
    "Title": "IncludeHiddenElements throws an exception"
  },
  {
    "Id": 2727,
    "Title": "Add PIMClass.DerivedPSMClass visualisation"
  },
  {
    "Id": 2728,
    "Title": "Deleting PIMClass from navigator not working when the class is deleted from diagram"
  },
  {
    "Id": 2729,
    "Title": "Remove AssociationClasses from Navigator"
  },
  {
    "Id": 2730,
    "Title": "Deleting ContentChoice/Container adds its content to the end of the parent class"
  },
  {
    "Id": 2731,
    "Title": "ClassUnion deletion"
  },
  {
    "Id": 2732,
    "Title": "DeleteElementLabel on PSMClass"
  },
  {
    "Id": 2733,
    "Title": "Deleting PIM attributes"
  },
  {
    "Id": 2734,
    "Title": "Propagating PIMattribute name change to PSM Attributes"
  },
  {
    "Id": 2735,
    "Title": "Propagating PIMattribute cardinality change to PSM Attributes"
  },
  {
    "Id": 2736,
    "Title": "PIMless attribute propagation to PIM"
  },
  {
    "Id": 2737,
    "Title": "PSMAttribute cardinality propagation to PIM"
  },
  {
    "Id": 2738,
    "Title": "PSMAssociation multiplicity calculation"
  },
  {
    "Id": 2739,
    "Title": "PSMAssociation deletion not working"
  },
  {
    "Id": 2740,
    "Title": "Delete PSM Subtree Undo/Redo causing exception"
  },
  {
    "Id": 2741,
    "Title": "Absolute path left in XMLSchema command"
  },
  {
    "Id": 2743,
    "Title": "Cannot drag class from Navigator when in other than default package"
  },
  {
    "Id": 2744,
    "Title": "DiagramChange not notifying when canvas has focus?"
  },
  {
    "Id": 2746,
    "Title": "PSMAttributes need to know if and in which AttributeContainer they are"
  },
  {
    "Id": 2748,
    "Title": "Clicking on Canvas when editing ClassName causes exception in XCaseCanvasState"
  },
  {
    "Id": 2749,
    "Title": "Leave out AttributeContainer not working when AC contains pimless attributes"
  },
  {
    "Id": 2757,
    "Title": "Remove from model command exception"
  },
  {
    "Id": 2758,
    "Title": "AddAttribute() in model doesn't properly check for name duplicity"
  },
  {
    "Id": 2759,
    "Title": "AttributeMultiplicity mixed up?"
  },
  {
    "Id": 2760,
    "Title": "Adding ContentContainer and clicking elsewhere causes exception"
  },
  {
    "Id": 2761,
    "Title": "Standard New/Open/Save/Save As/Exit behavior"
  },
  {
    "Id": 2762,
    "Title": "Clicking on ContentContainer or ClassUnion when ClassUnion's child is selected causes exceptions"
  },
  {
    "Id": 2763,
    "Title": "XMLSchema translation doesn't check for invalid characters in names"
  },
  {
    "Id": 2766,
    "Title": "Serialization / deserialization of NestingJoin.Context property"
  },
  {
    "Id": 2769,
    "Title": "Association diamond can not be dragged"
  },
  {
    "Id": 2770,
    "Title": "Adding PSM Attributes should offer inherited PIM attributes"
  },
  {
    "Id": 2771,
    "Title": "Clicking on PIMAssociation causes PropertiesWindow to issue unnecessary Rename commands"
  },
  {
    "Id": 2772,
    "Title": "Cyclic inheritance"
  },
  {
    "Id": 2773,
    "Title": "When connection is dragged, one cannot drag another one from previous connection's target"
  },
  {
    "Id": 2776,
    "Title": "!Cannot create Attribute container"
  },
  {
    "Id": 2777,
    "Title": "A dockable window can totally disappear from GUI"
  },
  {
    "Id": 2782,
    "Title": "More-layered inheritance does not work"
  },
  {
    "Id": 2783,
    "Title": "NestingJoin.Association is null"
  },
  {
    "Id": 2784,
    "Title": "Insufficient check when deleting PIM class/association from model"
  },
  {
    "Id": 2785,
    "Title": "All PSM Diagram items should be aware of diagram they are in"
  },
  {
    "Id": 2787,
    "Title": "In certain cases when AddClass is clicked on, diagram is changed without reason"
  },
  {
    "Id": 2792,
    "Title": "PIM association endpoint does not move properly when respective PIM class is resized"
  },
  {
    "Id": 2796,
    "Title": "PSMAttributes and PSMAssociations should be aware of generalizations they use"
  },
  {
    "Id": 2797,
    "Title": "Generalizations should be aware of referencing PSMAttributes and PSMAssociations"
  },
  {
    "Id": 2798,
    "Title": "Generalization use checking and registering"
  },
  {
    "Id": 2799,
    "Title": "PSMClass rename issue"
  },
  {
    "Id": 2801,
    "Title": "Comments not available in 'Include hidden dependent elements'"
  },
  {
    "Id": 2802,
    "Title": "RemoveFromPSMDiagramCommand issue?"
  },
  {
    "Id": 2804,
    "Title": "Crash in cmdMoveToLeft"
  },
  {
    "Id": 2805,
    "Title": "Two PIM classes with the same name in the same package"
  },
  {
    "Id": 2806,
    "Title": "Navigator does not work properly on classes in subpackages"
  },
  {
    "Id": 2811,
    "Title": "Cannot derive PSM class from AssociationClass [exception]"
  },
  {
    "Id": 2812,
    "Title": "Check multiplicity string format"
  },
  {
    "Id": 2814,
    "Title": "Undo does not work properly on PIM attributes"
  },
  {
    "Id": 2815,
    "Title": "Implementation of _PSMTree.SubtreeContains() and _PSMTree.GetRootOf()"
  },
  {
    "Id": 2816,
    "Title": "Property Window can't handle attribute containers in another containers"
  },
  {
    "Id": 2818,
    "Title": "Properties window should display Attribute container"
  },
  {
    "Id": 2820,
    "Title": "Cannot rename PSM Attribute in nested Attribute container"
  },
  {
    "Id": 2821,
    "Title": "Browser view should display the same as Default view"
  },
  {
    "Id": 2822,
    "Title": "Crash after 'Copy as PNG to clipboard'"
  },
  {
    "Id": 2824,
    "Title": "DeletePSMSubtree doesn't check for Structural Representatives"
  },
  {
    "Id": 2825,
    "Title": "Deserializator - resoring specializations attributes throws exception"
  },
  {
    "Id": 2828,
    "Title": "Serializator checking validity of created schema before saving"
  },
  {
    "Id": 2829,
    "Title": "Property Window PSMAssociation multiplicity updates"
  },
  {
    "Id": 2830,
    "Title": "Use Shift + F2 shortcut to start editing of PSMClass label"
  },
  {
    "Id": 2831,
    "Title": "Exception when adding new diagram"
  },
  {
    "Id": 2832,
    "Title": "Layouting performance troubles when opening diagram"
  },
  {
    "Id": 2833,
    "Title": "Properties Window showing content when diagram is closed"
  },
  {
    "Id": 2839,
    "Title": "DeletePSMSubtree doesn't delete PSMAttributes"
  },
  {
    "Id": 2840,
    "Title": "Generalizations, PSMAssociation and PSMAttributes dependencies management"
  },
  {
    "Id": 2841,
    "Title": "Empty AttributeContainer asks twice on redo and crashes"
  },
  {
    "Id": 2842,
    "Title": "PSMAssociation.Diagram is null"
  },
  {
    "Id": 2844,
    "Title": "Properties: Bad resizing of textboxes for PSM Association"
  },
  {
    "Id": 2848,
    "Title": "Menu item Convert to structural representative is always enabled, even when there is not another class to represent."
  },
  {
    "Id": 2852,
    "Title": "Undo and Redo always enabled when all diagrams are closed."
  },
  {
    "Id": 2855,
    "Title": "Multiplicity/Role labels of PIM Association should be connected to AssociationEnd"
  },
  {
    "Id": 2857,
    "Title": "Leave out attribute container does not work when AC is deeper in subtree."
  },
  {
    "Id": 2859,
    "Title": "DeletePSMDiagramMacroCommand bug"
  },
  {
    "Id": 2871,
    "Title": "Comments should not be allowed to have comments"
  },
  {
    "Id": 2880,
    "Title": "Association class selected forever"
  },
  {
    "Id": 2881,
    "Title": "XCase files are opened in XCase"
  },
  {
    "Id": 2883,
    "Title": "GO THROUGH YOUR TODOs"
  },
  {
    "Id": 3479,
    "Title": "Layout of some association cardinalities and commentaries not preserved"
  },
  {
    "Id": 3480,
    "Title": "Composition relation should not show the cardinality on the aggregate side"
  },
  {
    "Id": 3545,
    "Title": "Command line support"
  },
  {
    "Id": 3551,
    "Title": "Content Container can be resized"
  },
  {
    "Id": 3570,
    "Title": "DockingLibrary ActiveDiagram Issue"
  },
  {
    "Id": 3608,
    "Title": "Renaming ContentContainer does not invoke auto layout"
  },
  {
    "Id": 3638,
    "Title": "Delete ContentContainer Undo fails"
  },
  {
    "Id": 3864,
    "Title": "Structural Representative displays represented PIM class instead of represented PSM class"
  },
  {
    "Id": 3885,
    "Title": "When changing PSM Attribute alias to \"\", it says it already exists"
  },
  {
    "Id": 4415,
    "Title": "Bad translation"
  },
  {
    "Id": 4445,
    "Title": "Derive to new PSM diagram should always create only one diagram"
  },
  {
    "Id": 4973,
    "Title": "Access denied when saving layout.xml in Windows 7"
  },
  {
    "Id": 5606,
    "Title": "Wrong cardinality after XSD->PSM"
  },
  {
    "Id": 5607,
    "Title": "Missing element labels after XSD->PSM"
  },
  {
    "Id": 5615,
    "Title": "XSD->PSM: Nesting repeated in derived class"
  },
  {
    "Id": 5632,
    "Title": "Updater exception unhandled"
  },
  {
    "Id": 5691,
    "Title": "ProjectConverter: Upgrade fails silently in Program Files"
  },
  {
    "Id": 6503,
    "Title": "cannot find non-neutral culture related to 'xml'"
  },
  {
    "Id": 6866,
    "Title": "Reverse engineering fails to complete"
  },
  {
    "Id": 6867,
    "Title": "Folding subtrees in PSM diagrams"
  },
  {
    "Id": 6868,
    "Title": "Errors in reverese engineering"
  },
  {
    "Id": 7562,
    "Title": "referencing one model from within another"
  }
]