{
  "WorkItem": {
    "AffectedComponent": {
      "Name": "",
      "DisplayName": ""
    },
    "ClosedComment": "",
    "ClosedDate": "2008-11-27T07:59:43.39-08:00",
    "CommentCount": 0,
    "Custom": null,
    "Description": "Clicking Commentary when element is selected should add a commentary on a default position (the same as context menu's AddCommentary)",
    "LastUpdatedDate": "2017-12-08T02:15:52.187-08:00",
    "PlannedForRelease": "",
    "ReleaseVisibleToPublic": false,
    "Priority": {
      "Name": "Low",
      "Severity": 50,
      "Id": 1
    },
    "ProjectName": "xcase",
    "ReportedDate": "2008-11-24T14:35:47.523-08:00",
    "Status": {
      "Name": "Closed",
      "Id": 4
    },
    "ReasonClosed": {
      "Name": "Unassigned"
    },
    "Summary": "Clicking Commentary when element is selected should add a commentary on a default position",
    "Type": {
      "Name": "Feature",
      "Id": 1
    },
    "VoteCount": 1,
    "Id": 2709
  },
  "FileAttachments": [],
  "Comments": [
    {
      "Message": "Resolved with changeset 18087.",
      "PostedDate": "2008-11-27T07:59:43.39-08:00",
      "Id": -2147483648
    },
    {
      "Message": "",
      "PostedDate": "2013-02-13T13:11:41.277-08:00",
      "Id": -2147483648
    },
    {
      "Message": "",
      "PostedDate": "2013-05-15T18:55:50.957-07:00",
      "Id": -2147483648
    },
    {
      "Message": "",
      "PostedDate": "2017-12-08T02:15:52.187-08:00",
      "Id": -2147483648
    }
  ]
}