{
  "WorkItem": {
    "AffectedComponent": {
      "Name": "",
      "DisplayName": ""
    },
    "ClosedComment": "",
    "ClosedDate": "2008-12-06T09:30:36.313-08:00",
    "CommentCount": 0,
    "Custom": null,
    "Description": "1) Create three PIM classes Class1, Class2, Class3\n2) Create a new package\n3) Move Class2 to the new package\n4) Create new PIM\n \nThe new PIM class is named Class3 and is in the same package as the previous Class3. We get two PIM classes with the same name in the same package :-/",
    "LastUpdatedDate": "2013-05-15T18:55:42.65-07:00",
    "PlannedForRelease": "",
    "ReleaseVisibleToPublic": false,
    "Priority": {
      "Name": "Low",
      "Severity": 50,
      "Id": 1
    },
    "ProjectName": "xcase",
    "ReportedDate": "2008-12-05T14:38:19.023-08:00",
    "Status": {
      "Name": "Closed",
      "Id": 4
    },
    "ReasonClosed": {
      "Name": "Unassigned"
    },
    "Summary": "Two PIM classes with the same name in the same package",
    "Type": {
      "Name": "Issue",
      "Id": 3
    },
    "VoteCount": 1,
    "Id": 2805
  },
  "FileAttachments": [],
  "Comments": [
    {
      "Message": "Resolved with changeset 18303.",
      "PostedDate": "2008-12-06T09:30:36.313-08:00",
      "Id": -2147483648
    },
    {
      "Message": "",
      "PostedDate": "2013-02-13T13:11:30.44-08:00",
      "Id": -2147483648
    },
    {
      "Message": "",
      "PostedDate": "2013-05-15T18:55:42.65-07:00",
      "Id": -2147483648
    }
  ]
}