{
  "WorkItem": {
    "AffectedComponent": {
      "Name": "Model",
      "DisplayName": "Model"
    },
    "ClosedComment": "",
    "ClosedDate": "2008-11-13T02:58:28.367-08:00",
    "CommentCount": 0,
    "Custom": null,
    "Description": "AddAttribute button throws NullReferenceException in PSMDiagram.",
    "LastUpdatedDate": "2017-12-08T02:11:56.11-08:00",
    "PlannedForRelease": "",
    "ReleaseVisibleToPublic": false,
    "Priority": {
      "Name": "Medium",
      "Severity": 100,
      "Id": 2
    },
    "ProjectName": "xcase",
    "ReportedDate": "2008-11-12T00:23:28.793-08:00",
    "Status": {
      "Name": "Closed",
      "Id": 4
    },
    "ReasonClosed": {
      "Name": "Unassigned"
    },
    "Summary": "AddAttribute in PSMDiagram",
    "Type": {
      "Name": "Issue",
      "Id": 3
    },
    "VoteCount": 1,
    "Id": 2568
  },
  "FileAttachments": [],
  "Comments": [
    {
      "Message": "Problem is in the model (AddAttribute on PSMClass). Already spoke about it to Luk. Reassigning.",
      "PostedDate": "2008-11-12T09:49:14.443-08:00",
      "Id": -2147483648
    },
    {
      "Message": "",
      "PostedDate": "2008-11-12T09:49:37.85-08:00",
      "Id": -2147483648
    },
    {
      "Message": "Resolved with changeset 17785.",
      "PostedDate": "2008-11-13T02:58:28.367-08:00",
      "Id": -2147483648
    },
    {
      "Message": "",
      "PostedDate": "2013-02-13T13:11:48.37-08:00",
      "Id": -2147483648
    },
    {
      "Message": "",
      "PostedDate": "2013-05-15T18:55:57.267-07:00",
      "Id": -2147483648
    },
    {
      "Message": "",
      "PostedDate": "2017-12-08T02:11:56.11-08:00",
      "Id": -2147483648
    }
  ]
}