{
  "WorkItem": {
    "AffectedComponent": {
      "Name": "",
      "DisplayName": ""
    },
    "ClosedComment": "",
    "ClosedDate": "2008-12-02T11:28:22.46-08:00",
    "CommentCount": 0,
    "Custom": null,
    "Description": "Propagating PIMattribute name change to PSM Attributes",
    "LastUpdatedDate": "2017-12-08T02:11:57.45-08:00",
    "PlannedForRelease": "",
    "ReleaseVisibleToPublic": false,
    "Priority": {
      "Name": "Low",
      "Severity": 50,
      "Id": 1
    },
    "ProjectName": "xcase",
    "ReportedDate": "2008-11-27T09:00:13.85-08:00",
    "Status": {
      "Name": "Closed",
      "Id": 4
    },
    "ReasonClosed": {
      "Name": "Unassigned"
    },
    "Summary": "Propagating PIMattribute name change to PSM Attributes",
    "Type": {
      "Name": "Feature",
      "Id": 1
    },
    "VoteCount": 1,
    "Id": 2734
  },
  "FileAttachments": [],
  "Comments": [
    {
      "Message": "Resolved with changeset 18186.",
      "PostedDate": "2008-12-02T11:28:22.46-08:00",
      "Id": -2147483648
    },
    {
      "Message": "",
      "PostedDate": "2013-02-13T13:11:38.08-08:00",
      "Id": -2147483648
    },
    {
      "Message": "",
      "PostedDate": "2013-05-15T18:55:48.433-07:00",
      "Id": -2147483648
    },
    {
      "Message": "",
      "PostedDate": "2017-12-08T02:11:57.45-08:00",
      "Id": -2147483648
    }
  ]
}