{
  "WorkItem": {
    "AffectedComponent": {
      "Name": "",
      "DisplayName": ""
    },
    "ClosedComment": "It doesn't do it anymore.",
    "ClosedDate": "2008-11-23T13:15:47.643-08:00",
    "CommentCount": 0,
    "Custom": null,
    "Description": "Clicking on Multiplicity label of a PSMAssociation shows properties of a normal Association",
    "LastUpdatedDate": "2013-05-15T18:55:53.457-07:00",
    "PlannedForRelease": "",
    "ReleaseVisibleToPublic": false,
    "Priority": {
      "Name": "Low",
      "Severity": 50,
      "Id": 1
    },
    "ProjectName": "xcase",
    "ReportedDate": "2008-11-18T01:24:54.543-08:00",
    "Status": {
      "Name": "Closed",
      "Id": 4
    },
    "ReasonClosed": {
      "Name": "Unassigned"
    },
    "Summary": "Properties: PSMAssociation MultiplicityLabel",
    "Type": {
      "Name": "Issue",
      "Id": 3
    },
    "VoteCount": 1,
    "Id": 2643
  },
  "FileAttachments": [],
  "Comments": []
}