{
  "WorkItem": {
    "AffectedComponent": {
      "Name": "Model",
      "DisplayName": "Model"
    },
    "ClosedComment": "",
    "ClosedDate": "2008-10-24T05:28:00.967-07:00",
    "CommentCount": 0,
    "Custom": null,
    "Description": "Attempt to add AttributeContainer throws an exception (again missing stereotype)",
    "LastUpdatedDate": "2017-12-08T02:11:55.64-08:00",
    "PlannedForRelease": "",
    "ReleaseVisibleToPublic": false,
    "Priority": {
      "Name": "Medium",
      "Severity": 100,
      "Id": 2
    },
    "ProjectName": "xcase",
    "ReportedDate": "2008-10-23T09:22:03.48-07:00",
    "Status": {
      "Name": "Closed",
      "Id": 4
    },
    "ReasonClosed": {
      "Name": "Unassigned"
    },
    "Summary": "AttributeContainer can not be created",
    "Type": {
      "Name": "Issue",
      "Id": 3
    },
    "VoteCount": 2,
    "Id": 2502
  },
  "FileAttachments": [],
  "Comments": [
    {
      "Message": "Resolved with changeset 17383.",
      "PostedDate": "2008-10-24T05:28:00.967-07:00",
      "Id": -2147483648
    },
    {
      "Message": "",
      "PostedDate": "2013-02-13T13:11:51.293-08:00",
      "Id": -2147483648
    },
    {
      "Message": "",
      "PostedDate": "2013-05-15T18:55:59.577-07:00",
      "Id": -2147483648
    },
    {
      "Message": "",
      "PostedDate": "2017-12-08T02:11:55.64-08:00",
      "Id": -2147483648
    }
  ]
}