{
  "WorkItem": {
    "AffectedComponent": {
      "Name": "",
      "DisplayName": ""
    },
    "ClosedComment": "Serializator/Deserializator works fine.\nSubsequent changes should have dedicated WorkItems",
    "ClosedDate": "2008-11-13T04:30:03.737-08:00",
    "CommentCount": 0,
    "Custom": null,
    "Description": "Store / Load Diaagram class to / from XML file.\nThe diagram stores references to visualized elements (descendents of the XCase.UMLModel.NamedElement) from the model. We need to store the information about their visualization as well. Thus, the Diagram class will own an associative structrue mapping visualized model elements to their visualization classes.\nAfter the storage is done, the resulting XML file will contain the serialized model and then a sequence of <diagram></diagram> tags containing the data of each diagram in the project. The model elements in the diagram will be stored as references to the corresponding element in the <model></model> section of the XML file (through an id for example) and the visualization data (coordinates, size, etc.).\n \nExample of a hypothetic xml file containing the stored project:\n<project name=\"Pokus\">\n<model>\n   <package name=\"Balik\" is=\"666\">\n      <class name=\"class1\" id=\"123456\">\n         <property name=\"properta\" type=\"string\" visibility=\"public\" />\n      </class>\n   </package>\n   <class name=\"class2\" id=\"654321\">\n       <property name=\"attr\" type=\"int\" visibility=\"protected\" />\n   </class>\n</model>\n<diagram name=\"PIM1\">\n   <element ref=\"123456\" type=\"class\" coordinates=\"123;456\" size=\"50;100\" color=\"yellow\" />\n   <element ref=\"654321\" type=\"class\" coordinates=\"512;865\" size=\"100;35\" color=\"bright pink with yellow spots\" />\n</diagram>\n<diagram name=\"PIM2\">\n   <element ref=\"654321\" type=\"class\" coordinates=\"10;10\" size=\"90;30\" color=\"midnight blue\" />\n</diagram>\n</project>\n \nNOTE: The format of the example file is not definite at all, it serves only as an illustration of the task. The format has to be done in cooperation with Martin!\n \nOn load the model will be loaded first. After that for each diagram an empty Diagram instance will be created. Then a view of the diagram has to be created and linked to the diagram events. After that for each element a corresponding Diagram event (class created, association created, etc.) will be raised and element visualization data and corresponding model element reference will be passed as event arguments.\n \nAnother possibility how to reference the model elements in the diagram is through its qualified name. This is unique throughout the diagram and Schema offers a method to find a model element via its qualified name.\nReference in the diagram would then look like <element ref=\"Balik.class1\" .... />",
    "LastUpdatedDate": "2013-05-15T18:56:03.52-07:00",
    "PlannedForRelease": "",
    "ReleaseVisibleToPublic": false,
    "Priority": {
      "Name": "Unassigned",
      "Severity": 0,
      "Id": 0
    },
    "ProjectName": "xcase",
    "ReportedDate": "2008-06-13T03:44:29.47-07:00",
    "Status": {
      "Name": "Closed",
      "Id": 4
    },
    "ReasonClosed": {
      "Name": "Unassigned"
    },
    "Summary": "Diagram saving / loading",
    "Type": {
      "Name": "Task",
      "Id": 2
    },
    "VoteCount": 1,
    "Id": 1400
  },
  "FileAttachments": [],
  "Comments": [
    {
      "Message": "Associated with changeset 16934.",
      "PostedDate": "2008-10-08T05:38:58.057-07:00",
      "Id": -2147483648
    },
    {
      "Message": "",
      "PostedDate": "2008-10-09T06:16:01.11-07:00",
      "Id": -2147483648
    },
    {
      "Message": "",
      "PostedDate": "2008-11-13T04:30:03.737-08:00",
      "Id": -2147483648
    },
    {
      "Message": "",
      "PostedDate": "2013-02-13T13:11:56.017-08:00",
      "Id": -2147483648
    },
    {
      "Message": "",
      "PostedDate": "2013-05-15T18:56:03.52-07:00",
      "Id": -2147483648
    }
  ]
}