{
  "WorkItem": {
    "AffectedComponent": {
      "Name": "",
      "DisplayName": ""
    },
    "ClosedComment": "",
    "ClosedDate": "2009-04-21T10:14:01.93-07:00",
    "CommentCount": 0,
    "Custom": null,
    "Description": "XMLSchema translation doesn't check for invalid characters in names\nOr should this check be performed elsewhere?\n \nExample: attribute name starting with \"-\"\nbut any character is allowed now",
    "LastUpdatedDate": "2017-12-08T02:15:53.387-08:00",
    "PlannedForRelease": "",
    "ReleaseVisibleToPublic": false,
    "Priority": {
      "Name": "Medium",
      "Severity": 100,
      "Id": 2
    },
    "ProjectName": "xcase",
    "ReportedDate": "2008-12-01T12:37:44.23-08:00",
    "Status": {
      "Name": "Closed",
      "Id": 4
    },
    "ReasonClosed": {
      "Name": "Unassigned"
    },
    "Summary": "XMLSchema translation doesn't check for invalid characters in names",
    "Type": {
      "Name": "Issue",
      "Id": 3
    },
    "VoteCount": 1,
    "Id": 2763
  },
  "FileAttachments": [],
  "Comments": [
    {
      "Message": "There is a simple method already (translating whitespace to \"-\") that can be extended",
      "PostedDate": "2008-12-01T15:43:20.83-08:00",
      "Id": -2147483648
    },
    {
      "Message": "",
      "PostedDate": "2009-04-21T10:14:01.93-07:00",
      "Id": -2147483648
    },
    {
      "Message": "",
      "PostedDate": "2013-02-13T13:11:34.097-08:00",
      "Id": -2147483648
    },
    {
      "Message": "",
      "PostedDate": "2013-05-15T18:55:45.797-07:00",
      "Id": -2147483648
    },
    {
      "Message": "",
      "PostedDate": "2017-12-08T02:15:53.387-08:00",
      "Id": -2147483648
    }
  ]
}