{
  "WorkItem": {
    "AffectedComponent": {
      "Name": "",
      "DisplayName": ""
    },
    "ClosedComment": "",
    "ClosedDate": "2008-11-13T02:24:59.8-08:00",
    "CommentCount": 0,
    "Custom": null,
    "Description": "Remove Operations from PSMDiagram and PSMElements",
    "LastUpdatedDate": "2017-12-08T02:07:37.407-08:00",
    "PlannedForRelease": "",
    "ReleaseVisibleToPublic": false,
    "Priority": {
      "Name": "Low",
      "Severity": 50,
      "Id": 1
    },
    "ProjectName": "xcase",
    "ReportedDate": "2008-11-13T02:14:10.32-08:00",
    "Status": {
      "Name": "Closed",
      "Id": 4
    },
    "ReasonClosed": {
      "Name": "Unassigned"
    },
    "Summary": "Remove Operations from PSMDiagram and PSMElements",
    "Type": {
      "Name": "Task",
      "Id": 2
    },
    "VoteCount": 1,
    "Id": 2587
  },
  "FileAttachments": [],
  "Comments": [
    {
      "Message": "Resolved with changeset 17784.",
      "PostedDate": "2008-11-13T02:24:59.8-08:00",
      "Id": -2147483648
    },
    {
      "Message": "",
      "PostedDate": "2013-02-13T13:11:46.683-08:00",
      "Id": -2147483648
    },
    {
      "Message": "",
      "PostedDate": "2013-05-15T18:55:56.143-07:00",
      "Id": -2147483648
    },
    {
      "Message": "",
      "PostedDate": "2017-12-08T02:07:37.407-08:00",
      "Id": -2147483648
    }
  ]
}