{
  "WorkItem": {
    "AffectedComponent": {
      "Name": "Controller",
      "DisplayName": "Controller"
    },
    "ClosedComment": "",
    "ClosedDate": "2008-11-26T03:19:22.24-08:00",
    "CommentCount": 0,
    "Custom": null,
    "Description": "New Content Choice, Content Container, Class Union are always appended to the list of Parent's components. I think user would except the new element to be inserted at the index where the first contained element was.",
    "LastUpdatedDate": "2017-12-08T02:15:51.653-08:00",
    "PlannedForRelease": "",
    "ReleaseVisibleToPublic": false,
    "Priority": {
      "Name": "Low",
      "Severity": 50,
      "Id": 1
    },
    "ProjectName": "xcase",
    "ReportedDate": "2008-11-18T23:56:15.12-08:00",
    "Status": {
      "Name": "Closed",
      "Id": 4
    },
    "ReasonClosed": {
      "Name": "Unassigned"
    },
    "Summary": "Component index of new Content Choice, Content Container, Class Union",
    "Type": {
      "Name": "Issue",
      "Id": 3
    },
    "VoteCount": 1,
    "Id": 2652
  },
  "FileAttachments": [],
  "Comments": [
    {
      "Message": "Resolved with changeset 18054.",
      "PostedDate": "2008-11-25T13:07:54.62-08:00",
      "Id": -2147483648
    },
    {
      "Message": "\r\n\r\n** Closed by Luk 11/25/2008 1:07 PM",
      "PostedDate": "2008-11-25T13:10:47.477-08:00",
      "Id": -2147483648
    },
    {
      "Message": "Model support present, need to change the controller",
      "PostedDate": "2008-11-25T13:10:47.79-08:00",
      "Id": -2147483648
    },
    {
      "Message": "",
      "PostedDate": "2008-11-25T13:11:19.993-08:00",
      "Id": -2147483648
    },
    {
      "Message": "Resolved with changeset 18058.",
      "PostedDate": "2008-11-26T03:19:22.24-08:00",
      "Id": -2147483648
    },
    {
      "Message": "",
      "PostedDate": "2013-02-13T13:11:43.707-08:00",
      "Id": -2147483648
    },
    {
      "Message": "",
      "PostedDate": "2013-05-15T18:55:53.03-07:00",
      "Id": -2147483648
    },
    {
      "Message": "",
      "PostedDate": "2017-12-08T02:15:51.653-08:00",
      "Id": -2147483648
    }
  ]
}