{
  "WorkItem": {
    "AffectedComponent": {
      "Name": "",
      "DisplayName": ""
    },
    "ClosedComment": "",
    "ClosedDate": "2008-12-03T13:00:59.54-08:00",
    "CommentCount": 0,
    "Custom": null,
    "Description": "NestingJoin.Association is null\nIt appears that it is not set anywere....",
    "LastUpdatedDate": "2017-12-08T02:11:58.297-08:00",
    "PlannedForRelease": "",
    "ReleaseVisibleToPublic": false,
    "Priority": {
      "Name": "Low",
      "Severity": 50,
      "Id": 1
    },
    "ProjectName": "xcase",
    "ReportedDate": "2008-12-03T00:06:59.827-08:00",
    "Status": {
      "Name": "Closed",
      "Id": 4
    },
    "ReasonClosed": {
      "Name": "Unassigned"
    },
    "Summary": "NestingJoin.Association is null",
    "Type": {
      "Name": "Issue",
      "Id": 3
    },
    "VoteCount": 1,
    "Id": 2783
  },
  "FileAttachments": [],
  "Comments": [
    {
      "Message": "Resolved with changeset 18217.",
      "PostedDate": "2008-12-03T13:00:59.54-08:00",
      "Id": -2147483648
    },
    {
      "Message": "",
      "PostedDate": "2013-02-13T13:11:32.49-08:00",
      "Id": -2147483648
    },
    {
      "Message": "",
      "PostedDate": "2013-05-15T18:55:44.33-07:00",
      "Id": -2147483648
    },
    {
      "Message": "",
      "PostedDate": "2017-12-08T02:11:58.297-08:00",
      "Id": -2147483648
    }
  ]
}