{
  "WorkItem": {
    "AffectedComponent": {
      "Name": "",
      "DisplayName": ""
    },
    "ClosedComment": "I think I fixed that earlier",
    "ClosedDate": "2008-11-29T10:00:21.173-08:00",
    "CommentCount": 0,
    "Custom": null,
    "Description": "PSMAssociation deletion not working (viz Martin's email)",
    "LastUpdatedDate": "2013-05-15T18:55:47.68-07:00",
    "PlannedForRelease": "",
    "ReleaseVisibleToPublic": false,
    "Priority": {
      "Name": "Low",
      "Severity": 50,
      "Id": 1
    },
    "ProjectName": "xcase",
    "ReportedDate": "2008-11-27T09:04:29.973-08:00",
    "Status": {
      "Name": "Closed",
      "Id": 4
    },
    "ReasonClosed": {
      "Name": "Unassigned"
    },
    "Summary": "PSMAssociation deletion not working",
    "Type": {
      "Name": "Issue",
      "Id": 3
    },
    "VoteCount": 1,
    "Id": 2739
  },
  "FileAttachments": [],
  "Comments": [
    {
      "Message": "Same exception as [workitem:2740]",
      "PostedDate": "2008-11-27T13:13:04.58-08:00",
      "Id": -2147483648
    },
    {
      "Message": "",
      "PostedDate": "2008-11-29T10:00:21.173-08:00",
      "Id": -2147483648
    },
    {
      "Message": "",
      "PostedDate": "2013-02-13T13:11:37.053-08:00",
      "Id": -2147483648
    },
    {
      "Message": "",
      "PostedDate": "2013-05-15T18:55:47.68-07:00",
      "Id": -2147483648
    }
  ]
}