{
  "WorkItem": {
    "AffectedComponent": {
      "Name": "Model",
      "DisplayName": "Model"
    },
    "ClosedComment": "",
    "ClosedDate": "2008-11-13T03:15:42.11-08:00",
    "CommentCount": 0,
    "Custom": null,
    "Description": "",
    "LastUpdatedDate": "2017-12-08T02:11:56.36-08:00",
    "PlannedForRelease": "",
    "ReleaseVisibleToPublic": false,
    "Priority": {
      "Name": "High",
      "Severity": 150,
      "Id": 3
    },
    "ProjectName": "xcase",
    "ReportedDate": "2008-11-13T03:00:00.007-08:00",
    "Status": {
      "Name": "Closed",
      "Id": 4
    },
    "ReasonClosed": {
      "Name": "Unassigned"
    },
    "Summary": "Child PSM class should see its PSMAssociation",
    "Type": {
      "Name": "Feature",
      "Id": 1
    },
    "VoteCount": 0,
    "Id": 2595
  },
  "FileAttachments": [],
  "Comments": [
    {
      "Message": "Resolved with changeset 17786.",
      "PostedDate": "2008-11-13T03:15:42.11-08:00",
      "Id": -2147483648
    },
    {
      "Message": "",
      "PostedDate": "2013-05-15T18:55:54.977-07:00",
      "Id": -2147483648
    },
    {
      "Message": "",
      "PostedDate": "2017-12-08T02:11:56.36-08:00",
      "Id": -2147483648
    }
  ]
}