{
  "WorkItem": {
    "AffectedComponent": {
      "Name": "",
      "DisplayName": ""
    },
    "ClosedComment": "",
    "ClosedDate": "2008-12-12T01:46:11.463-08:00",
    "CommentCount": 0,
    "Custom": null,
    "Description": "Generalizations: RMFM, PMBTM to manage ReferencingAssociations, ReferencingPSMAttributes\nPSMAssociations: RMFM, PMBTM to manage UsedGeneralizations, Filling this collection is left for AddPSMChildrenCommand\nPSMAttributes: RMFM, PMBTM of PSMClass (and AttributeContainer) should manage ReferencingPSMAttributes collection of contained PSMAttributes",
    "LastUpdatedDate": "2017-12-08T02:11:58.73-08:00",
    "PlannedForRelease": "",
    "ReleaseVisibleToPublic": false,
    "Priority": {
      "Name": "High",
      "Severity": 150,
      "Id": 3
    },
    "ProjectName": "xcase",
    "ReportedDate": "2008-12-10T11:47:54.403-08:00",
    "Status": {
      "Name": "Closed",
      "Id": 4
    },
    "ReasonClosed": {
      "Name": "Unassigned"
    },
    "Summary": "Generalizations, PSMAssociation and PSMAttributes dependencies management",
    "Type": {
      "Name": "Task",
      "Id": 2
    },
    "VoteCount": 1,
    "Id": 2840
  },
  "FileAttachments": [],
  "Comments": [
    {
      "Message": "Associated with changeset 18387.",
      "PostedDate": "2008-12-10T11:58:46.167-08:00",
      "Id": -2147483648
    },
    {
      "Message": "Resolved with changeset 18535.",
      "PostedDate": "2008-12-12T01:46:11.463-08:00",
      "Id": -2147483648
    },
    {
      "Message": "",
      "PostedDate": "2013-02-13T13:11:26.747-08:00",
      "Id": -2147483648
    },
    {
      "Message": "",
      "PostedDate": "2013-05-15T18:55:39.903-07:00",
      "Id": -2147483648
    },
    {
      "Message": "",
      "PostedDate": "2017-12-08T02:11:58.73-08:00",
      "Id": -2147483648
    }
  ]
}