{
  "WorkItem": {
    "AffectedComponent": {
      "Name": "",
      "DisplayName": ""
    },
    "ClosedComment": "Finished for now.",
    "ClosedDate": "2008-12-18T11:52:32.37-08:00",
    "CommentCount": 0,
    "Custom": null,
    "Description": "This task is for commits that only add documentation",
    "LastUpdatedDate": "2013-05-15T18:56:01.683-07:00",
    "PlannedForRelease": "",
    "ReleaseVisibleToPublic": false,
    "Priority": {
      "Name": "Low",
      "Severity": 50,
      "Id": 1
    },
    "ProjectName": "xcase",
    "ReportedDate": "2008-10-08T03:26:37.093-07:00",
    "Status": {
      "Name": "Closed",
      "Id": 4
    },
    "ReasonClosed": {
      "Name": "Unassigned"
    },
    "Summary": "Documentation",
    "Type": {
      "Name": "Task",
      "Id": 2
    },
    "VoteCount": 1,
    "Id": 2433
  },
  "FileAttachments": [],
  "Comments": [
    {
      "Message": "Associated with changeset 16931.",
      "PostedDate": "2008-10-08T03:27:19.69-07:00",
      "Id": -2147483648
    },
    {
      "Message": "Associated with changeset 16968.",
      "PostedDate": "2008-10-09T04:22:22.773-07:00",
      "Id": -2147483648
    },
    {
      "Message": "Associated with changeset 16973.",
      "PostedDate": "2008-10-09T07:21:12.793-07:00",
      "Id": -2147483648
    },
    {
      "Message": "Associated with changeset 17213.",
      "PostedDate": "2008-10-17T01:56:44.563-07:00",
      "Id": -2147483648
    },
    {
      "Message": "Associated with changeset 17768.",
      "PostedDate": "2008-11-11T23:48:59.697-08:00",
      "Id": -2147483648
    },
    {
      "Message": "Associated with changeset 17770.",
      "PostedDate": "2008-11-12T01:44:01.84-08:00",
      "Id": -2147483648
    },
    {
      "Message": "Associated with changeset 17900.",
      "PostedDate": "2008-11-18T01:20:37.67-08:00",
      "Id": -2147483648
    },
    {
      "Message": "Associated with changeset 18291.",
      "PostedDate": "2008-12-06T01:35:36.303-08:00",
      "Id": -2147483648
    },
    {
      "Message": "Associated with changeset 18342.",
      "PostedDate": "2008-12-08T03:21:32.363-08:00",
      "Id": -2147483648
    },
    {
      "Message": "Associated with changeset 18374.",
      "PostedDate": "2008-12-10T01:38:47.6-08:00",
      "Id": -2147483648
    },
    {
      "Message": "Associated with changeset 18389.",
      "PostedDate": "2008-12-10T12:56:12.55-08:00",
      "Id": -2147483648
    },
    {
      "Message": "Associated with changeset 18856.",
      "PostedDate": "2008-12-14T14:25:19.43-08:00",
      "Id": -2147483648
    },
    {
      "Message": "Associated with changeset 19080.",
      "PostedDate": "2008-12-15T14:46:47.337-08:00",
      "Id": -2147483648
    },
    {
      "Message": "Associated with changeset 19310.",
      "PostedDate": "2008-12-16T15:53:26.533-08:00",
      "Id": -2147483648
    },
    {
      "Message": "Associated with changeset 19552.",
      "PostedDate": "2008-12-18T05:09:04.557-08:00",
      "Id": -2147483648
    },
    {
      "Message": "Associated with changeset 19557.",
      "PostedDate": "2008-12-18T05:52:23.887-08:00",
      "Id": -2147483648
    },
    {
      "Message": "Associated with changeset 19612.",
      "PostedDate": "2008-12-18T10:55:40.597-08:00",
      "Id": -2147483648
    },
    {
      "Message": "",
      "PostedDate": "2008-12-18T11:52:32.37-08:00",
      "Id": -2147483648
    },
    {
      "Message": "",
      "PostedDate": "2013-02-13T13:11:53.68-08:00",
      "Id": -2147483648
    },
    {
      "Message": "",
      "PostedDate": "2013-05-15T18:56:01.683-07:00",
      "Id": -2147483648
    }
  ]
}