{
  "WorkItem": {
    "AffectedComponent": {
      "Name": "",
      "DisplayName": ""
    },
    "ClosedComment": "Completed",
    "ClosedDate": "2008-12-08T12:38:10.31-08:00",
    "CommentCount": 0,
    "Custom": null,
    "Description": "Standard New/Open/Save/Save As/Exit behavior",
    "LastUpdatedDate": "2013-05-15T18:55:46.07-07:00",
    "PlannedForRelease": "",
    "ReleaseVisibleToPublic": false,
    "Priority": {
      "Name": "Medium",
      "Severity": 100,
      "Id": 2
    },
    "ProjectName": "xcase",
    "ReportedDate": "2008-12-01T11:18:15.54-08:00",
    "Status": {
      "Name": "Closed",
      "Id": 4
    },
    "ReasonClosed": {
      "Name": "Unassigned"
    },
    "Summary": "Standard New/Open/Save/Save As/Exit behavior",
    "Type": {
      "Name": "Feature",
      "Id": 1
    },
    "VoteCount": 1,
    "Id": 2761
  },
  "FileAttachments": [],
  "Comments": [
    {
      "Message": "Work in progress",
      "PostedDate": "2008-12-01T12:15:15.943-08:00",
      "Id": -2147483648
    },
    {
      "Message": "Still doesn't ask on XCase exit",
      "PostedDate": "2008-12-08T00:50:34.67-08:00",
      "Id": -2147483648
    },
    {
      "Message": "",
      "PostedDate": "2008-12-08T12:38:10.31-08:00",
      "Id": -2147483648
    },
    {
      "Message": "",
      "PostedDate": "2013-02-13T13:11:34.48-08:00",
      "Id": -2147483648
    },
    {
      "Message": "",
      "PostedDate": "2013-05-15T18:55:46.07-07:00",
      "Id": -2147483648
    }
  ]
}