{
  "WorkItem": {
    "AffectedComponent": {
      "Name": "View",
      "DisplayName": "View"
    },
    "ClosedComment": "",
    "ClosedDate": "2008-10-14T13:43:26.187-07:00",
    "CommentCount": 0,
    "Custom": null,
    "Description": "PSMClass is not moving in View...",
    "LastUpdatedDate": "2013-05-15T18:56:00.657-07:00",
    "PlannedForRelease": "",
    "ReleaseVisibleToPublic": false,
    "Priority": {
      "Name": "Medium",
      "Severity": 100,
      "Id": 2
    },
    "ProjectName": "xcase",
    "ReportedDate": "2008-10-14T09:42:15.75-07:00",
    "Status": {
      "Name": "Closed",
      "Id": 4
    },
    "ReasonClosed": {
      "Name": "Unassigned"
    },
    "Summary": "Make the PSM Class move in view",
    "Type": {
      "Name": "Issue",
      "Id": 3
    },
    "VoteCount": 1,
    "Id": 2457
  },
  "FileAttachments": [],
  "Comments": [
    {
      "Message": "Resolved with changeset 17128.",
      "PostedDate": "2008-10-14T13:43:26.187-07:00",
      "Id": -2147483648
    },
    {
      "Message": "",
      "PostedDate": "2013-02-13T13:11:52.48-08:00",
      "Id": -2147483648
    },
    {
      "Message": "",
      "PostedDate": "2013-05-15T18:56:00.657-07:00",
      "Id": -2147483648
    }
  ]
}