{
  "WorkItem": {
    "AffectedComponent": {
      "Name": "Controller",
      "DisplayName": "Controller"
    },
    "ClosedComment": "",
    "ClosedDate": "2008-12-04T13:31:11.523-08:00",
    "CommentCount": 0,
    "Custom": null,
    "Description": "Move left & Move right should work also on components of a class union and for Roots of a PSM Diagram. \n \nThe buttons should be enabled when association child is selected (not only association).",
    "LastUpdatedDate": "2017-12-08T02:15:52.49-08:00",
    "PlannedForRelease": "",
    "ReleaseVisibleToPublic": false,
    "Priority": {
      "Name": "Medium",
      "Severity": 100,
      "Id": 2
    },
    "ProjectName": "xcase",
    "ReportedDate": "2008-11-26T05:45:55.013-08:00",
    "Status": {
      "Name": "Closed",
      "Id": 4
    },
    "ReasonClosed": {
      "Name": "Unassigned"
    },
    "Summary": "Move left & Move right extension",
    "Type": {
      "Name": "Task",
      "Id": 2
    },
    "VoteCount": 1,
    "Id": 2720
  },
  "FileAttachments": [],
  "Comments": [
    {
      "Message": "Associated with changeset 18067.",
      "PostedDate": "2008-11-26T13:24:42.09-08:00",
      "Id": -2147483648
    },
    {
      "Message": "",
      "PostedDate": "2008-11-26T15:22:58.033-08:00",
      "Id": -2147483648
    },
    {
      "Message": "",
      "PostedDate": "2008-11-27T13:53:50.003-08:00",
      "Id": -2147483648
    },
    {
      "Message": "Resolved with changeset 18238.",
      "PostedDate": "2008-12-04T13:31:11.523-08:00",
      "Id": -2147483648
    },
    {
      "Message": "",
      "PostedDate": "2013-02-13T13:11:40.143-08:00",
      "Id": -2147483648
    },
    {
      "Message": "",
      "PostedDate": "2013-05-15T18:55:50.05-07:00",
      "Id": -2147483648
    },
    {
      "Message": "",
      "PostedDate": "2017-12-08T02:15:52.49-08:00",
      "Id": -2147483648
    }
  ]
}