{
  "WorkItem": {
    "AffectedComponent": {
      "Name": "User interface",
      "DisplayName": "User interface"
    },
    "ClosedComment": "Fixed",
    "ClosedDate": "2008-12-15T12:49:31.403-08:00",
    "CommentCount": 0,
    "Custom": null,
    "Description": "Properties Window can't handle attribute containers in another containers (clicking attribute container in a diagram similar to the one on the attached picture throws exception).",
    "LastUpdatedDate": "2013-05-15T18:55:41.733-07:00",
    "PlannedForRelease": "",
    "ReleaseVisibleToPublic": false,
    "Priority": {
      "Name": "High",
      "Severity": 150,
      "Id": 3
    },
    "ProjectName": "xcase",
    "ReportedDate": "2008-12-07T02:44:41.22-08:00",
    "Status": {
      "Name": "Closed",
      "Id": 4
    },
    "ReasonClosed": {
      "Name": "Unassigned"
    },
    "Summary": "Property Window can't handle attribute containers in another containers",
    "Type": {
      "Name": "Issue",
      "Id": 3
    },
    "VoteCount": 0,
    "Id": 2816
  },
  "FileAttachments": [
    {
      "FileId": 1325,
      "FileName": "attributecontainer.png",
      "DownloadUrl": ".\\1325"
    }
  ],
  "Comments": []
}