{
  "WorkItem": {
    "AffectedComponent": {
      "Name": "Model",
      "DisplayName": "Model"
    },
    "ClosedComment": "",
    "ClosedDate": "2008-11-20T05:08:26.57-08:00",
    "CommentCount": 0,
    "Custom": null,
    "Description": "When I click \"Add attribute\" for a PSM Class attribute is created successfully, but when I want to move it to a new Attribute Container, Argument Exception is thrown (The given attribute is not owned by the represented class!). I am scared by the exclamation mark :o).",
    "LastUpdatedDate": "2017-12-08T02:11:56.62-08:00",
    "PlannedForRelease": "",
    "ReleaseVisibleToPublic": false,
    "Priority": {
      "Name": "Medium",
      "Severity": 100,
      "Id": 2
    },
    "ProjectName": "xcase",
    "ReportedDate": "2008-11-17T23:45:32.74-08:00",
    "Status": {
      "Name": "Closed",
      "Id": 4
    },
    "ReasonClosed": {
      "Name": "Unassigned"
    },
    "Summary": "PSM-only attributes cannot be moved to AttributeContainer",
    "Type": {
      "Name": "Issue",
      "Id": 3
    },
    "VoteCount": 0,
    "Id": 2639
  },
  "FileAttachments": [],
  "Comments": [
    {
      "Message": "Resolved with changeset 17951.",
      "PostedDate": "2008-11-20T05:08:26.57-08:00",
      "Id": -2147483648
    },
    {
      "Message": "",
      "PostedDate": "2013-02-13T13:11:45.003-08:00",
      "Id": -2147483648
    },
    {
      "Message": "",
      "PostedDate": "2013-05-15T18:55:53.99-07:00",
      "Id": -2147483648
    },
    {
      "Message": "",
      "PostedDate": "2017-12-08T02:11:56.62-08:00",
      "Id": -2147483648
    }
  ]
}