{
  "WorkItem": {
    "AffectedComponent": {
      "Name": "User interface",
      "DisplayName": "User interface"
    },
    "ClosedComment": "",
    "ClosedDate": "2008-12-09T07:56:49.15-08:00",
    "CommentCount": 0,
    "Custom": null,
    "Description": "That would really be convenient...",
    "LastUpdatedDate": "2017-12-08T02:07:40.48-08:00",
    "PlannedForRelease": "",
    "ReleaseVisibleToPublic": false,
    "Priority": {
      "Name": "High",
      "Severity": 150,
      "Id": 3
    },
    "ProjectName": "xcase",
    "ReportedDate": "2008-12-09T06:40:00.62-08:00",
    "Status": {
      "Name": "Closed",
      "Id": 4
    },
    "ReasonClosed": {
      "Name": "Unassigned"
    },
    "Summary": "Use Shift + F2 shortcut to start editing of PSMClass label",
    "Type": {
      "Name": "Feature",
      "Id": 1
    },
    "VoteCount": 0,
    "Id": 2830
  },
  "FileAttachments": [],
  "Comments": [
    {
      "Message": "Resolved with changeset 18361.",
      "PostedDate": "2008-12-09T07:56:49.15-08:00",
      "Id": -2147483648
    },
    {
      "Message": "",
      "PostedDate": "2013-02-13T13:11:27.647-08:00",
      "Id": -2147483648
    },
    {
      "Message": "",
      "PostedDate": "2013-05-15T18:55:40.573-07:00",
      "Id": -2147483648
    },
    {
      "Message": "",
      "PostedDate": "2017-12-08T02:07:40.48-08:00",
      "Id": -2147483648
    }
  ]
}