{
  "WorkItem": {
    "AffectedComponent": {
      "Name": "",
      "DisplayName": ""
    },
    "ClosedComment": "",
    "ClosedDate": "2008-11-13T03:31:23.73-08:00",
    "CommentCount": 0,
    "Custom": null,
    "Description": "AddPSMChildren command should include inherited associations of the source PIM class.",
    "LastUpdatedDate": "2017-12-08T02:07:37.2-08:00",
    "PlannedForRelease": "",
    "ReleaseVisibleToPublic": false,
    "Priority": {
      "Name": "Medium",
      "Severity": 100,
      "Id": 2
    },
    "ProjectName": "xcase",
    "ReportedDate": "2008-11-13T02:04:17.45-08:00",
    "Status": {
      "Name": "Closed",
      "Id": 4
    },
    "ReasonClosed": {
      "Name": "Unassigned"
    },
    "Summary": "AddPSMChildren command to include inheritance",
    "Type": {
      "Name": "Feature",
      "Id": 1
    },
    "VoteCount": 1,
    "Id": 2585
  },
  "FileAttachments": [],
  "Comments": [
    {
      "Message": "Resolved with changeset 17789.",
      "PostedDate": "2008-11-13T03:31:23.73-08:00",
      "Id": -2147483648
    },
    {
      "Message": "",
      "PostedDate": "2013-02-13T13:11:47.253-08:00",
      "Id": -2147483648
    },
    {
      "Message": "",
      "PostedDate": "2013-05-15T18:55:56.45-07:00",
      "Id": -2147483648
    },
    {
      "Message": "",
      "PostedDate": "2017-12-08T02:07:37.2-08:00",
      "Id": -2147483648
    }
  ]
}