{
  "WorkItem": {
    "AffectedComponent": {
      "Name": "",
      "DisplayName": ""
    },
    "ClosedComment": "",
    "ClosedDate": "2008-12-01T02:00:21.783-08:00",
    "CommentCount": 0,
    "Custom": null,
    "Description": "IncludeHiddenElements throws an exception Association cannot be visualized on the diagram, association end (...) is not included in the diagram\n \nIt does that when only one class of a association is on the diagram.\nRepro:\n1) Insert Class1, Class2, Associate\n2) Delete diagram\n3) New PIM Diagram\n4) Drag Class1 into the diagram\n5) Call Include hidden elements",
    "LastUpdatedDate": "2017-12-08T02:15:52.62-08:00",
    "PlannedForRelease": "",
    "ReleaseVisibleToPublic": false,
    "Priority": {
      "Name": "Medium",
      "Severity": 100,
      "Id": 2
    },
    "ProjectName": "xcase",
    "ReportedDate": "2008-11-27T08:26:37.063-08:00",
    "Status": {
      "Name": "Closed",
      "Id": 4
    },
    "ReasonClosed": {
      "Name": "Unassigned"
    },
    "Summary": "IncludeHiddenElements throws an exception",
    "Type": {
      "Name": "Issue",
      "Id": 3
    },
    "VoteCount": 1,
    "Id": 2726
  },
  "FileAttachments": [],
  "Comments": [
    {
      "Message": "Resolved with changeset 18144.",
      "PostedDate": "2008-12-01T02:00:21.783-08:00",
      "Id": -2147483648
    },
    {
      "Message": "",
      "PostedDate": "2013-02-13T13:11:39.617-08:00",
      "Id": -2147483648
    },
    {
      "Message": "",
      "PostedDate": "2013-05-15T18:55:49.593-07:00",
      "Id": -2147483648
    },
    {
      "Message": "",
      "PostedDate": "2017-12-08T02:15:52.62-08:00",
      "Id": -2147483648
    }
  ]
}