{
  "WorkItem": {
    "AffectedComponent": {
      "Name": "User interface",
      "DisplayName": "User interface"
    },
    "ClosedComment": "Fixed",
    "ClosedDate": "2008-12-15T12:59:28.907-08:00",
    "CommentCount": 0,
    "Custom": null,
    "Description": "When I edit multiplicity of a PSMAssociation in PW and then click somewhere (without pressing enter), the edit is not commited.",
    "LastUpdatedDate": "2013-05-15T18:55:40.707-07:00",
    "PlannedForRelease": "",
    "ReleaseVisibleToPublic": false,
    "Priority": {
      "Name": "Low",
      "Severity": 50,
      "Id": 1
    },
    "ProjectName": "xcase",
    "ReportedDate": "2008-12-09T06:34:15.557-08:00",
    "Status": {
      "Name": "Closed",
      "Id": 4
    },
    "ReasonClosed": {
      "Name": "Unassigned"
    },
    "Summary": "Property Window PSMAssociation multiplicity updates",
    "Type": {
      "Name": "Issue",
      "Id": 3
    },
    "VoteCount": 0,
    "Id": 2829
  },
  "FileAttachments": [],
  "Comments": []
}