{
  "WorkItem": {
    "AffectedComponent": {
      "Name": "",
      "DisplayName": ""
    },
    "ClosedComment": "",
    "ClosedDate": "2008-11-29T10:23:31.023-08:00",
    "CommentCount": 0,
    "Custom": null,
    "Description": "D:\\Programování\\XCase\\Test\\output.txt",
    "LastUpdatedDate": "2017-12-08T02:15:52.793-08:00",
    "PlannedForRelease": "",
    "ReleaseVisibleToPublic": false,
    "Priority": {
      "Name": "Low",
      "Severity": 50,
      "Id": 1
    },
    "ProjectName": "xcase",
    "ReportedDate": "2008-11-27T12:37:22.33-08:00",
    "Status": {
      "Name": "Closed",
      "Id": 4
    },
    "ReasonClosed": {
      "Name": "Unassigned"
    },
    "Summary": "Absolute path left in XMLSchema command",
    "Type": {
      "Name": "Issue",
      "Id": 3
    },
    "VoteCount": 1,
    "Id": 2741
  },
  "FileAttachments": [],
  "Comments": [
    {
      "Message": "Resolved with changeset 18116.",
      "PostedDate": "2008-11-29T10:23:31.023-08:00",
      "Id": -2147483648
    },
    {
      "Message": "",
      "PostedDate": "2013-02-13T13:11:36.54-08:00",
      "Id": -2147483648
    },
    {
      "Message": "",
      "PostedDate": "2013-05-15T18:55:47.413-07:00",
      "Id": -2147483648
    },
    {
      "Message": "",
      "PostedDate": "2017-12-08T02:15:52.793-08:00",
      "Id": -2147483648
    }
  ]
}