{
  "WorkItem": {
    "AffectedComponent": {
      "Name": "User interface",
      "DisplayName": "User interface"
    },
    "ClosedComment": "Fixed by Katka",
    "ClosedDate": "2008-11-23T13:21:45.61-08:00",
    "CommentCount": 0,
    "Custom": null,
    "Description": "- each letter in name issuses RenameCommand. This has to change (even typing is slowed down)\n- Upper multiplicity textbox for associations does not do anything (bad binding?)\n- Multiplicity textboxes allow wrong input (though they do not throw exceptions at least)\n- Textboxes get bigger with content and this breakes Property Window layout",
    "LastUpdatedDate": "2013-05-15T18:55:54.523-07:00",
    "PlannedForRelease": "",
    "ReleaseVisibleToPublic": false,
    "Priority": {
      "Name": "Low",
      "Severity": 50,
      "Id": 1
    },
    "ProjectName": "xcase",
    "ReportedDate": "2008-11-13T05:41:06.86-08:00",
    "Status": {
      "Name": "Closed",
      "Id": 4
    },
    "ReasonClosed": {
      "Name": "Unassigned"
    },
    "Summary": "Properties window behaviour",
    "Type": {
      "Name": "Issue",
      "Id": 3
    },
    "VoteCount": 0,
    "Id": 2598
  },
  "FileAttachments": [],
  "Comments": []
}