{
  "WorkItem": {
    "AffectedComponent": {
      "Name": "View",
      "DisplayName": "View"
    },
    "ClosedComment": "",
    "ClosedDate": "2008-12-04T11:34:14.24-08:00",
    "CommentCount": 0,
    "Custom": null,
    "Description": "Comments deleted only from its diagram [and not from model] should appear in 'Hidden dependent elements' of that diagram",
    "LastUpdatedDate": "2017-12-08T02:15:53.79-08:00",
    "PlannedForRelease": "",
    "ReleaseVisibleToPublic": false,
    "Priority": {
      "Name": "Low",
      "Severity": 50,
      "Id": 1
    },
    "ProjectName": "xcase",
    "ReportedDate": "2008-12-04T11:21:22.98-08:00",
    "Status": {
      "Name": "Closed",
      "Id": 4
    },
    "ReasonClosed": {
      "Name": "Unassigned"
    },
    "Summary": "Comments not available in 'Include hidden dependent elements'",
    "Type": {
      "Name": "Issue",
      "Id": 3
    },
    "VoteCount": 1,
    "Id": 2801
  },
  "FileAttachments": [],
  "Comments": [
    {
      "Message": "Resolved with changeset 18236.",
      "PostedDate": "2008-12-04T11:34:14.24-08:00",
      "Id": -2147483648
    },
    {
      "Message": "",
      "PostedDate": "2013-02-13T13:11:30.943-08:00",
      "Id": -2147483648
    },
    {
      "Message": "",
      "PostedDate": "2013-05-15T18:55:43.053-07:00",
      "Id": -2147483648
    },
    {
      "Message": "",
      "PostedDate": "2017-12-08T02:15:53.79-08:00",
      "Id": -2147483648
    }
  ]
}