{
  "WorkItem": {
    "AffectedComponent": {
      "Name": "View",
      "DisplayName": "View"
    },
    "ClosedComment": "",
    "ClosedDate": "2008-09-22T16:51:47.023-07:00",
    "CommentCount": 0,
    "Custom": null,
    "Description": "Join the methods, events and event handlers that do basically the same - add representation of a model element in the XCaseCanvas component.",
    "LastUpdatedDate": "2017-12-08T02:15:50.043-08:00",
    "PlannedForRelease": "",
    "ReleaseVisibleToPublic": false,
    "Priority": {
      "Name": "Low",
      "Severity": 50,
      "Id": 1
    },
    "ProjectName": "xcase",
    "ReportedDate": "2008-09-14T04:38:46.203-07:00",
    "Status": {
      "Name": "Closed",
      "Id": 4
    },
    "ReasonClosed": {
      "Name": "Unassigned"
    },
    "Summary": "Restructure View to avoid code repetition",
    "Type": {
      "Name": "Task",
      "Id": 2
    },
    "VoteCount": 1,
    "Id": 2295
  },
  "FileAttachments": [],
  "Comments": [
    {
      "Message": "Resolved with changeset 16447.",
      "PostedDate": "2008-09-22T16:51:47.023-07:00",
      "Id": -2147483648
    },
    {
      "Message": "",
      "PostedDate": "2013-02-13T13:11:55.54-08:00",
      "Id": -2147483648
    },
    {
      "Message": "",
      "PostedDate": "2013-05-15T18:56:03.103-07:00",
      "Id": -2147483648
    },
    {
      "Message": "",
      "PostedDate": "2017-12-08T02:15:50.043-08:00",
      "Id": -2147483648
    }
  ]
}