{
  "WorkItem": {
    "AffectedComponent": {
      "Name": "",
      "DisplayName": ""
    },
    "ClosedComment": "",
    "ClosedDate": "2008-10-22T01:52:50.073-07:00",
    "CommentCount": 0,
    "Custom": null,
    "Description": "After deleting from model using DeleteFromModelMacroCommand it is not possible to exit XCase using the cross or ControlBox.",
    "LastUpdatedDate": "2013-05-15T18:56:00.147-07:00",
    "PlannedForRelease": "",
    "ReleaseVisibleToPublic": false,
    "Priority": {
      "Name": "Low",
      "Severity": 50,
      "Id": 1
    },
    "ProjectName": "xcase",
    "ReportedDate": "2008-10-20T04:33:01.613-07:00",
    "Status": {
      "Name": "Closed",
      "Id": 4
    },
    "ReasonClosed": {
      "Name": "Unassigned"
    },
    "Summary": "XCase doesnt terminate after deleting from model",
    "Type": {
      "Name": "Issue",
      "Id": 3
    },
    "VoteCount": 1,
    "Id": 2482
  },
  "FileAttachments": [],
  "Comments": [
    {
      "Message": "Resolved with changeset 17311.",
      "PostedDate": "2008-10-22T01:52:50.073-07:00",
      "Id": -2147483648
    },
    {
      "Message": "This was caused by the need to call Close() on every created Window, even if it is never shown. This was happening in commands handling dialogs.\r\n",
      "PostedDate": "2008-10-22T01:59:59.85-07:00",
      "Id": -2147483648
    },
    {
      "Message": "",
      "PostedDate": "2013-02-13T13:11:51.99-08:00",
      "Id": -2147483648
    },
    {
      "Message": "",
      "PostedDate": "2013-05-15T18:56:00.147-07:00",
      "Id": -2147483648
    }
  ]
}