{
  "WorkItem": {
    "AffectedComponent": {
      "Name": "",
      "DisplayName": ""
    },
    "ClosedComment": "",
    "ClosedDate": null,
    "CommentCount": 0,
    "Custom": null,
    "Description": "During \"check for updates\" a \"cannot connect to remote server\" exception is thrown and unhandled: string[] _versions = UpdaterService.GetVersions(clientVersions.Keys.ToArray());",
    "LastUpdatedDate": "2017-12-08T02:15:55.46-08:00",
    "PlannedForRelease": "",
    "ReleaseVisibleToPublic": false,
    "Priority": {
      "Name": "Low",
      "Severity": 50,
      "Id": 1
    },
    "ProjectName": "xcase",
    "ReportedDate": "2010-03-29T22:38:34.197-07:00",
    "Status": {
      "Name": "Active",
      "Id": 2
    },
    "ReasonClosed": {
      "Name": "Unassigned"
    },
    "Summary": "Updater exception unhandled",
    "Type": {
      "Name": "Issue",
      "Id": 3
    },
    "VoteCount": 1,
    "Id": 5632
  },
  "FileAttachments": [],
  "Comments": []
}