{
  "WorkItem": {
    "AffectedComponent": {
      "Name": "Reverse",
      "DisplayName": "Reverse"
    },
    "ClosedComment": "",
    "ClosedDate": null,
    "CommentCount": 0,
    "Custom": null,
    "Description": "Cardinality is 0..* where it should be 1 when importing groups.\n \nE.g. Product-c, DeliveryAddress-c in attached file.",
    "LastUpdatedDate": "2017-12-08T02:07:41.86-08:00",
    "PlannedForRelease": "",
    "ReleaseVisibleToPublic": false,
    "Priority": {
      "Name": "Medium",
      "Severity": 100,
      "Id": 2
    },
    "ProjectName": "xcase",
    "ReportedDate": "2010-03-23T13:20:11.73-07:00",
    "Status": {
      "Name": "Proposed",
      "Id": 1
    },
    "ReasonClosed": {
      "Name": "Unassigned"
    },
    "Summary": "Wrong cardinality after XSD->PSM",
    "Type": {
      "Name": "Issue",
      "Id": 3
    },
    "VoteCount": 1,
    "Id": 5606
  },
  "FileAttachments": [
    {
      "FileId": 1885,
      "FileName": "PurchaseRequestFormat.xsd",
      "DownloadUrl": ".\\1885"
    }
  ],
  "Comments": []
}