{
  "WorkItem": {
    "AffectedComponent": {
      "Name": "",
      "DisplayName": ""
    },
    "ClosedComment": "fixed",
    "ClosedDate": "2008-12-08T10:03:26.04-08:00",
    "CommentCount": 0,
    "Custom": null,
    "Description": "This is due to bad (none) deserialization of Class attribute of attribute container. \nOnly nested attribute containers (not directly below the class) are affected by this bug.",
    "LastUpdatedDate": "2013-05-15T18:55:41.44-07:00",
    "PlannedForRelease": "",
    "ReleaseVisibleToPublic": false,
    "Priority": {
      "Name": "High",
      "Severity": 150,
      "Id": 3
    },
    "ProjectName": "xcase",
    "ReportedDate": "2008-12-08T02:15:10.95-08:00",
    "Status": {
      "Name": "Closed",
      "Id": 4
    },
    "ReasonClosed": {
      "Name": "Unassigned"
    },
    "Summary": "Cannot rename PSM Attribute in nested Attribute container",
    "Type": {
      "Name": "Issue",
      "Id": 3
    },
    "VoteCount": 1,
    "Id": 2820
  },
  "FileAttachments": [],
  "Comments": []
}