{
  "WorkItem": {
    "AffectedComponent": {
      "Name": "",
      "DisplayName": ""
    },
    "ClosedComment": "",
    "ClosedDate": null,
    "CommentCount": 0,
    "Custom": null,
    "Description": "I'm working on a couple of applications that have one or more components that are nearly identical.  Is it possible to reference or inherit one model's components from within another model?",
    "LastUpdatedDate": "2013-02-13T13:11:19.88-08:00",
    "PlannedForRelease": "",
    "ReleaseVisibleToPublic": false,
    "Priority": {
      "Name": "Low",
      "Severity": 50,
      "Id": 1
    },
    "ProjectName": "xcase",
    "ReportedDate": "2010-11-07T11:31:40.333-08:00",
    "Status": {
      "Name": "Proposed",
      "Id": 1
    },
    "ReasonClosed": {
      "Name": "Unassigned"
    },
    "Summary": "referencing one model from within another",
    "Type": {
      "Name": "Issue",
      "Id": 3
    },
    "VoteCount": 1,
    "Id": 7562
  },
  "FileAttachments": [],
  "Comments": [
    {
      "Message": "By one and another model you mean two separate XCase projects? ",
      "PostedDate": "2010-11-08T00:26:34.473-08:00",
      "Id": -2147483648
    },
    {
      "Message": "That's what I originally had in mind.  I tend to think of models like class libraries -- I realize it's not the same.  I have a couple of applications I'm working on that will use similar sets of components (aka simple models), e.g. application 1 uses components A, B, C, D; application 2 uses components B, C, E.  I'd like to avoid recreating each component for each application in which it's use.",
      "PostedDate": "2010-11-08T05:15:21.2-08:00",
      "Id": -2147483648
    },
    {
      "Message": "This feature is not available in XCase. A workaround can be either copy definitions of components directly by editing the project file in an XML editor or consider having only one project for all these application. Think of models as a representation/visualization of a problem domain. If several application share a common problem domain, they should have the same model. ",
      "PostedDate": "2010-11-08T06:10:05.473-08:00",
      "Id": -2147483648
    },
    {
      "Message": "",
      "PostedDate": "2013-02-13T13:11:19.88-08:00",
      "Id": -2147483648
    }
  ]
}