{
  "WorkItem": {
    "AffectedComponent": {
      "Name": "User interface",
      "DisplayName": "User interface"
    },
    "ClosedComment": "Properties window displays AttributeContainer",
    "ClosedDate": "2008-12-15T12:55:06.67-08:00",
    "CommentCount": 0,
    "Custom": null,
    "Description": "Properties window should display Attribute container",
    "LastUpdatedDate": "2013-05-15T18:55:41.577-07:00",
    "PlannedForRelease": "",
    "ReleaseVisibleToPublic": false,
    "Priority": {
      "Name": "Medium",
      "Severity": 100,
      "Id": 2
    },
    "ProjectName": "xcase",
    "ReportedDate": "2008-12-07T14:06:43.56-08:00",
    "Status": {
      "Name": "Closed",
      "Id": 4
    },
    "ReasonClosed": {
      "Name": "Unassigned"
    },
    "Summary": "Properties window should display Attribute container",
    "Type": {
      "Name": "Feature",
      "Id": 1
    },
    "VoteCount": 1,
    "Id": 2818
  },
  "FileAttachments": [],
  "Comments": []
}