{
  "WorkItem": {
    "AffectedComponent": {
      "Name": "",
      "DisplayName": ""
    },
    "ClosedComment": "",
    "ClosedDate": "2008-11-28T03:56:36.713-08:00",
    "CommentCount": 0,
    "Custom": null,
    "Description": "PSMAssociation multiplicity calculation",
    "LastUpdatedDate": "2017-12-08T02:07:39.79-08:00",
    "PlannedForRelease": "",
    "ReleaseVisibleToPublic": false,
    "Priority": {
      "Name": "Low",
      "Severity": 50,
      "Id": 1
    },
    "ProjectName": "xcase",
    "ReportedDate": "2008-11-27T09:03:40.6-08:00",
    "Status": {
      "Name": "Closed",
      "Id": 4
    },
    "ReasonClosed": {
      "Name": "Unassigned"
    },
    "Summary": "PSMAssociation multiplicity calculation",
    "Type": {
      "Name": "Feature",
      "Id": 1
    },
    "VoteCount": 1,
    "Id": 2738
  },
  "FileAttachments": [],
  "Comments": [
    {
      "Message": "Resolved with changeset 18098.",
      "PostedDate": "2008-11-28T03:56:36.713-08:00",
      "Id": -2147483648
    },
    {
      "Message": "",
      "PostedDate": "2013-02-13T13:11:37.307-08:00",
      "Id": -2147483648
    },
    {
      "Message": "",
      "PostedDate": "2013-05-15T18:55:47.803-07:00",
      "Id": -2147483648
    },
    {
      "Message": "",
      "PostedDate": "2017-12-08T02:07:39.79-08:00",
      "Id": -2147483648
    }
  ]
}