{
  "WorkItem": {
    "AffectedComponent": {
      "Name": "",
      "DisplayName": ""
    },
    "ClosedComment": "Seem to be fixed by now :)",
    "ClosedDate": "2008-12-12T01:47:17.103-08:00",
    "CommentCount": 0,
    "Custom": null,
    "Description": "XCase crash:\n \ncmdMoveToLeft.cs\n \nline 126: subordinateComponentCollection = associationChild.ParentAssociation.Parent.Components;\n\t\t\t\t\nassociationChild.ParentAssociation.Parent was NULL",
    "LastUpdatedDate": "2013-05-15T18:55:42.803-07:00",
    "PlannedForRelease": "",
    "ReleaseVisibleToPublic": false,
    "Priority": {
      "Name": "High",
      "Severity": 150,
      "Id": 3
    },
    "ProjectName": "xcase",
    "ReportedDate": "2008-12-05T14:06:40.74-08:00",
    "Status": {
      "Name": "Closed",
      "Id": 4
    },
    "ReasonClosed": {
      "Name": "Unassigned"
    },
    "Summary": "Crash in cmdMoveToLeft",
    "Type": {
      "Name": "Issue",
      "Id": 3
    },
    "VoteCount": 1,
    "Id": 2804
  },
  "FileAttachments": [],
  "Comments": [
    {
      "Message": "Steps to reproduce:\r\n\r\n1. Create a new Class union\r\n2. Add commentary to this Class union\r\n3. Click somewhere",
      "PostedDate": "2008-12-05T14:09:48.397-08:00",
      "Id": -2147483648
    },
    {
      "Message": "Associations' Parent should never be null I thing (where would the association start then?). I think this is caused by Class Union being broken for some time.",
      "PostedDate": "2008-12-05T16:22:09.093-08:00",
      "Id": -2147483648
    },
    {
      "Message": "",
      "PostedDate": "2008-12-05T16:22:31.25-08:00",
      "Id": -2147483648
    },
    {
      "Message": "The Association's Parent can be null in the case when the association is removed from the Parent's components and is not inserted elsewhere. This is what Association.RemoveMeFromModel() does. The association then does not start anywhere.\r\nI could not test the situation described by Katka since the Class Union creation fails when the original association is being removed from diagram.",
      "PostedDate": "2008-12-06T06:29:39.787-08:00",
      "Id": -2147483648
    },
    {
      "Message": "Resolved with changeset 18320.",
      "PostedDate": "2008-12-07T01:48:46.18-08:00",
      "Id": -2147483648
    },
    {
      "Message": "\r\n\r\n** Closed by Luk 12/7/2008 1:48 AM",
      "PostedDate": "2008-12-07T12:27:16.13-08:00",
      "Id": -2147483648
    },
    {
      "Message": "It still does this one when trying to undo/redo the AddPSMChildren command in the case of reconnecting the root.",
      "PostedDate": "2008-12-07T12:27:16.663-08:00",
      "Id": -2147483648
    },
    {
      "Message": "I don't understand this, reconnecting the root - How?...Could you please write down the steps needed to reproduce this error? (and do not laugh at Martin's reports anymore, at least I could understand them ;o)).",
      "PostedDate": "2008-12-08T00:19:59.62-08:00",
      "Id": -2147483648
    },
    {
      "Message": "",
      "PostedDate": "2008-12-12T01:47:17.103-08:00",
      "Id": -2147483648
    },
    {
      "Message": "",
      "PostedDate": "2013-02-13T13:11:30.6-08:00",
      "Id": -2147483648
    },
    {
      "Message": "",
      "PostedDate": "2013-05-15T18:55:42.803-07:00",
      "Id": -2147483648
    }
  ]
}