{
  "WorkItem": {
    "AffectedComponent": {
      "Name": "",
      "DisplayName": ""
    },
    "ClosedComment": "WONTFIX - This will be managed by Models RemoveMeFromModel and PutMeBackToModel methods",
    "ClosedDate": "2008-12-10T11:49:12.42-08:00",
    "CommentCount": 0,
    "Custom": null,
    "Description": "DeletePSMSubtree doesn't delete PSMAttributes. This is needed for the Attribute and Generalization dependencies to wok.",
    "LastUpdatedDate": "2013-05-15T18:55:40.04-07:00",
    "PlannedForRelease": "",
    "ReleaseVisibleToPublic": false,
    "Priority": {
      "Name": "High",
      "Severity": 150,
      "Id": 3
    },
    "ProjectName": "xcase",
    "ReportedDate": "2008-12-10T11:24:04.04-08:00",
    "Status": {
      "Name": "Closed",
      "Id": 4
    },
    "ReasonClosed": {
      "Name": "Unassigned"
    },
    "Summary": "DeletePSMSubtree doesn't delete PSMAttributes",
    "Type": {
      "Name": "Issue",
      "Id": 3
    },
    "VoteCount": 1,
    "Id": 2839
  },
  "FileAttachments": [],
  "Comments": []
}