{
  "WorkItem": {
    "AffectedComponent": {
      "Name": "Controller",
      "DisplayName": "Controller"
    },
    "ClosedComment": "There won't be any. DoubleClick on PSM Class calls ManageAttributes",
    "ClosedDate": "2008-12-15T12:51:45.277-08:00",
    "CommentCount": 0,
    "Custom": null,
    "Description": "Dialog window for PSMClass similar to dialog for PIMClass.",
    "LastUpdatedDate": "2013-05-15T18:55:51.96-07:00",
    "PlannedForRelease": "",
    "ReleaseVisibleToPublic": false,
    "Priority": {
      "Name": "Medium",
      "Severity": 100,
      "Id": 2
    },
    "ProjectName": "xcase",
    "ReportedDate": "2008-11-23T11:27:02.903-08:00",
    "Status": {
      "Name": "Closed",
      "Id": 4
    },
    "ReasonClosed": {
      "Name": "Unassigned"
    },
    "Summary": "Dialog window for PSMClass",
    "Type": {
      "Name": "Feature",
      "Id": 1
    },
    "VoteCount": 0,
    "Id": 2695
  },
  "FileAttachments": [],
  "Comments": []
}