{
  "WorkItem": {
    "AffectedComponent": {
      "Name": "",
      "DisplayName": ""
    },
    "ClosedComment": "Fixed, it works now.",
    "ClosedDate": "2008-12-01T12:04:46.417-08:00",
    "CommentCount": 0,
    "Custom": null,
    "Description": "Adding ContentContainer and clicking elsewhere causes exception\n \nThis is caused by the latest changes to the Properties window",
    "LastUpdatedDate": "2013-05-15T18:55:46.213-07:00",
    "PlannedForRelease": "",
    "ReleaseVisibleToPublic": false,
    "Priority": {
      "Name": "High",
      "Severity": 150,
      "Id": 3
    },
    "ProjectName": "xcase",
    "ReportedDate": "2008-12-01T11:13:10.95-08:00",
    "Status": {
      "Name": "Closed",
      "Id": 4
    },
    "ReasonClosed": {
      "Name": "Unassigned"
    },
    "Summary": "Adding ContentContainer and clicking elsewhere causes exception",
    "Type": {
      "Name": "Issue",
      "Id": 3
    },
    "VoteCount": 1,
    "Id": 2760
  },
  "FileAttachments": [],
  "Comments": [
    {
      "Message": "Fixed",
      "PostedDate": "2008-12-01T12:04:11.57-08:00",
      "Id": -2147483648
    },
    {
      "Message": "",
      "PostedDate": "2008-12-01T12:04:46.417-08:00",
      "Id": -2147483648
    },
    {
      "Message": "",
      "PostedDate": "2013-02-13T13:11:34.677-08:00",
      "Id": -2147483648
    },
    {
      "Message": "",
      "PostedDate": "2013-05-15T18:55:46.213-07:00",
      "Id": -2147483648
    }
  ]
}