{
  "WorkItem": {
    "AffectedComponent": {
      "Name": "",
      "DisplayName": ""
    },
    "ClosedComment": "",
    "ClosedDate": "2008-12-07T11:17:11.22-08:00",
    "CommentCount": 0,
    "Custom": null,
    "Description": "Cannot drag class from Navigator when in other than default package\n \nFirst time I tried this, an exception was shown, then the class appeared on the diagram. Later, it just doesn't appear.",
    "LastUpdatedDate": "2013-05-15T18:55:47.28-07:00",
    "PlannedForRelease": "",
    "ReleaseVisibleToPublic": false,
    "Priority": {
      "Name": "Medium",
      "Severity": 100,
      "Id": 2
    },
    "ProjectName": "xcase",
    "ReportedDate": "2008-11-28T04:20:37.407-08:00",
    "Status": {
      "Name": "Closed",
      "Id": 4
    },
    "ReasonClosed": {
      "Name": "Unassigned"
    },
    "Summary": "Cannot drag class from Navigator when in other than default package",
    "Type": {
      "Name": "Issue",
      "Id": 3
    },
    "VoteCount": 1,
    "Id": 2743
  },
  "FileAttachments": [],
  "Comments": [
    {
      "Message": "Resolved with changeset 18330.",
      "PostedDate": "2008-12-07T11:17:11.22-08:00",
      "Id": -2147483648
    },
    {
      "Message": "",
      "PostedDate": "2013-02-13T13:11:36.117-08:00",
      "Id": -2147483648
    },
    {
      "Message": "",
      "PostedDate": "2013-05-15T18:55:47.28-07:00",
      "Id": -2147483648
    }
  ]
}