{
  "WorkItem": {
    "AffectedComponent": {
      "Name": "",
      "DisplayName": ""
    },
    "ClosedComment": "",
    "ClosedDate": "2008-11-25T06:08:21.627-08:00",
    "CommentCount": 0,
    "Custom": null,
    "Description": "PSMAttribute's alias should be unique within one PSMClass",
    "LastUpdatedDate": "2013-05-15T18:55:56.277-07:00",
    "PlannedForRelease": "",
    "ReleaseVisibleToPublic": false,
    "Priority": {
      "Name": "Low",
      "Severity": 50,
      "Id": 1
    },
    "ProjectName": "xcase",
    "ReportedDate": "2008-11-13T02:08:14.463-08:00",
    "Status": {
      "Name": "Closed",
      "Id": 4
    },
    "ReasonClosed": {
      "Name": "Unassigned"
    },
    "Summary": "Check PSMAttribute's alias when adding an attribute",
    "Type": {
      "Name": "Task",
      "Id": 2
    },
    "VoteCount": 1,
    "Id": 2586
  },
  "FileAttachments": [],
  "Comments": [
    {
      "Message": "I think this is solved, but may be I forgot something...",
      "PostedDate": "2008-11-23T11:32:14.81-08:00",
      "Id": -2147483648
    },
    {
      "Message": "Clicking on AddAttributes and setting two aliases to the same text works when it should not...",
      "PostedDate": "2008-11-24T14:24:30.483-08:00",
      "Id": -2147483648
    },
    {
      "Message": "Resolved with changeset 18045.",
      "PostedDate": "2008-11-25T06:08:21.627-08:00",
      "Id": -2147483648
    },
    {
      "Message": "",
      "PostedDate": "2013-02-13T13:11:46.917-08:00",
      "Id": -2147483648
    },
    {
      "Message": "",
      "PostedDate": "2013-05-15T18:55:56.277-07:00",
      "Id": -2147483648
    }
  ]
}