{
  "WorkItem": {
    "AffectedComponent": {
      "Name": "",
      "DisplayName": ""
    },
    "ClosedComment": "",
    "ClosedDate": "2008-11-27T13:26:05.607-08:00",
    "CommentCount": 0,
    "Custom": null,
    "Description": "DeleteElementLabel on PSMClass",
    "LastUpdatedDate": "2017-12-08T02:07:38.99-08:00",
    "PlannedForRelease": "",
    "ReleaseVisibleToPublic": false,
    "Priority": {
      "Name": "Low",
      "Severity": 50,
      "Id": 1
    },
    "ProjectName": "xcase",
    "ReportedDate": "2008-11-27T08:57:49.787-08:00",
    "Status": {
      "Name": "Closed",
      "Id": 4
    },
    "ReasonClosed": {
      "Name": "Unassigned"
    },
    "Summary": "DeleteElementLabel on PSMClass",
    "Type": {
      "Name": "Issue",
      "Id": 3
    },
    "VoteCount": 1,
    "Id": 2732
  },
  "FileAttachments": [],
  "Comments": [
    {
      "Message": "Resolved with changeset 18094.",
      "PostedDate": "2008-11-27T13:26:05.607-08:00",
      "Id": -2147483648
    },
    {
      "Message": "",
      "PostedDate": "2013-02-13T13:11:38.44-08:00",
      "Id": -2147483648
    },
    {
      "Message": "",
      "PostedDate": "2013-05-15T18:55:48.71-07:00",
      "Id": -2147483648
    },
    {
      "Message": "",
      "PostedDate": "2017-12-08T02:07:38.99-08:00",
      "Id": -2147483648
    }
  ]
}