{
  "WorkItem": {
    "AffectedComponent": {
      "Name": "",
      "DisplayName": ""
    },
    "ClosedComment": "",
    "ClosedDate": "2008-12-12T00:21:20.777-08:00",
    "CommentCount": 0,
    "Custom": null,
    "Description": "ClassUnion deletion",
    "LastUpdatedDate": "2017-12-08T02:11:57.31-08:00",
    "PlannedForRelease": "",
    "ReleaseVisibleToPublic": false,
    "Priority": {
      "Name": "Low",
      "Severity": 50,
      "Id": 1
    },
    "ProjectName": "xcase",
    "ReportedDate": "2008-11-27T08:57:15.507-08:00",
    "Status": {
      "Name": "Closed",
      "Id": 4
    },
    "ReasonClosed": {
      "Name": "Unassigned"
    },
    "Summary": "ClassUnion deletion",
    "Type": {
      "Name": "Feature",
      "Id": 1
    },
    "VoteCount": 1,
    "Id": 2731
  },
  "FileAttachments": [],
  "Comments": [
    {
      "Message": "Associated with changeset 18364.",
      "PostedDate": "2008-12-09T11:47:38.127-08:00",
      "Id": -2147483648
    },
    {
      "Message": "Resolved with changeset 18522.",
      "PostedDate": "2008-12-12T00:21:20.777-08:00",
      "Id": -2147483648
    },
    {
      "Message": "",
      "PostedDate": "2013-02-13T13:11:38.623-08:00",
      "Id": -2147483648
    },
    {
      "Message": "",
      "PostedDate": "2013-05-15T18:55:48.843-07:00",
      "Id": -2147483648
    },
    {
      "Message": "",
      "PostedDate": "2017-12-08T02:11:57.31-08:00",
      "Id": -2147483648
    }
  ]
}