{
  "WorkItem": {
    "AffectedComponent": {
      "Name": "",
      "DisplayName": ""
    },
    "ClosedComment": "Finally fixed :)",
    "ClosedDate": "2008-12-01T04:12:41.55-08:00",
    "CommentCount": 0,
    "Custom": null,
    "Description": "Deleting PIMClass from navigator not working when the class is deleted from diagram",
    "LastUpdatedDate": "2013-05-15T18:55:49.293-07:00",
    "PlannedForRelease": "",
    "ReleaseVisibleToPublic": false,
    "Priority": {
      "Name": "Low",
      "Severity": 50,
      "Id": 1
    },
    "ProjectName": "xcase",
    "ReportedDate": "2008-11-27T08:54:05.113-08:00",
    "Status": {
      "Name": "Closed",
      "Id": 4
    },
    "ReasonClosed": {
      "Name": "Unassigned"
    },
    "Summary": "Deleting PIMClass from navigator not working when the class is deleted from diagram",
    "Type": {
      "Name": "Issue",
      "Id": 3
    },
    "VoteCount": 1,
    "Id": 2728
  },
  "FileAttachments": [],
  "Comments": [
    {
      "Message": "This is caused by always creating the DeleteFromDiagram command in DeleteFromModel command. (the \"else branch\")",
      "PostedDate": "2008-11-28T04:08:50.91-08:00",
      "Id": -2147483648
    },
    {
      "Message": "Fix introduced by LuKu won't do. It disables the ability to detect that deleted class is on the active diagram and to delete it.",
      "PostedDate": "2008-11-29T07:45:10.54-08:00",
      "Id": -2147483648
    },
    {
      "Message": "Associated with changeset 18145.",
      "PostedDate": "2008-12-01T02:37:16.25-08:00",
      "Id": -2147483648
    },
    {
      "Message": "",
      "PostedDate": "2008-12-01T04:12:41.55-08:00",
      "Id": -2147483648
    },
    {
      "Message": "",
      "PostedDate": "2013-02-13T13:11:39.26-08:00",
      "Id": -2147483648
    },
    {
      "Message": "",
      "PostedDate": "2013-05-15T18:55:49.293-07:00",
      "Id": -2147483648
    }
  ]
}