{
  "WorkItem": {
    "AffectedComponent": {
      "Name": "",
      "DisplayName": ""
    },
    "ClosedComment": "",
    "ClosedDate": "2008-11-30T07:07:42.533-08:00",
    "CommentCount": 0,
    "Custom": null,
    "Description": "Diagram change notification stops working\nRepro steps:\n1) Create a class\n2) Derive it to new PSM\n3) Rename it, press Enter to confirm rename\n4) Click on canvas\n5) Change diagram to PIM\n6) Change it back\n7) Rename the PSM Class\n7) press enter to confirm\n9) Click on canvas\n10) Change to PIM Diagram. The toolbar is not changed.\n \nWorkaround: When Toolbar is stuck, click on \"Save as\" and cancel.",
    "LastUpdatedDate": "2013-05-15T18:55:47.143-07:00",
    "PlannedForRelease": "",
    "ReleaseVisibleToPublic": false,
    "Priority": {
      "Name": "High",
      "Severity": 150,
      "Id": 3
    },
    "ProjectName": "xcase",
    "ReportedDate": "2008-11-28T04:36:52.9-08:00",
    "Status": {
      "Name": "Closed",
      "Id": 4
    },
    "ReasonClosed": {
      "Name": "Unassigned"
    },
    "Summary": "DiagramChange not notifying when canvas has focus?",
    "Type": {
      "Name": "Issue",
      "Id": 3
    },
    "VoteCount": 1,
    "Id": 2744
  },
  "FileAttachments": [],
  "Comments": [
    {
      "Message": "Resolved with changeset 18124.",
      "PostedDate": "2008-11-30T07:07:42.533-08:00",
      "Id": -2147483648
    },
    {
      "Message": "",
      "PostedDate": "2013-02-13T13:11:35.883-08:00",
      "Id": -2147483648
    },
    {
      "Message": "",
      "PostedDate": "2013-05-15T18:55:47.143-07:00",
      "Id": -2147483648
    }
  ]
}