{
  "WorkItem": {
    "AffectedComponent": {
      "Name": "Controller",
      "DisplayName": "Controller"
    },
    "ClosedComment": "",
    "ClosedDate": "2008-12-14T03:25:55.83-08:00",
    "CommentCount": 0,
    "Custom": null,
    "Description": "Undo and Redo always enabled when all diagrams are closed.",
    "LastUpdatedDate": "2017-12-08T02:07:40.96-08:00",
    "PlannedForRelease": "",
    "ReleaseVisibleToPublic": false,
    "Priority": {
      "Name": "Medium",
      "Severity": 100,
      "Id": 2
    },
    "ProjectName": "xcase",
    "ReportedDate": "2008-12-14T02:41:51.017-08:00",
    "Status": {
      "Name": "Closed",
      "Id": 4
    },
    "ReasonClosed": {
      "Name": "Unassigned"
    },
    "Summary": "Undo and Redo always enabled when all diagrams are closed.",
    "Type": {
      "Name": "Issue",
      "Id": 3
    },
    "VoteCount": 0,
    "Id": 2852
  },
  "FileAttachments": [],
  "Comments": [
    {
      "Message": "Resolved with changeset 18836.",
      "PostedDate": "2008-12-14T03:25:55.83-08:00",
      "Id": -2147483648
    },
    {
      "Message": "",
      "PostedDate": "2013-02-13T13:11:25.883-08:00",
      "Id": -2147483648
    },
    {
      "Message": "",
      "PostedDate": "2013-05-15T18:55:39.04-07:00",
      "Id": -2147483648
    },
    {
      "Message": "",
      "PostedDate": "2017-12-08T02:07:40.96-08:00",
      "Id": -2147483648
    }
  ]
}