{
  "WorkItem": {
    "AffectedComponent": {
      "Name": "Model",
      "DisplayName": "Model"
    },
    "ClosedComment": "Nested class unions were forbidden (the construction does not have any useful meaning)",
    "ClosedDate": "2008-12-12T00:46:43-08:00",
    "CommentCount": 0,
    "Custom": null,
    "Description": "Deleting Class Union fails if there is another Class Union among the components.",
    "LastUpdatedDate": "2013-05-15T18:55:56.58-07:00",
    "PlannedForRelease": "",
    "ReleaseVisibleToPublic": false,
    "Priority": {
      "Name": "Low",
      "Severity": 50,
      "Id": 1
    },
    "ProjectName": "xcase",
    "ReportedDate": "2008-11-12T22:54:46.82-08:00",
    "Status": {
      "Name": "Closed",
      "Id": 4
    },
    "ReasonClosed": {
      "Name": "Unassigned"
    },
    "Summary": "Deleting nested ClassUnion",
    "Type": {
      "Name": "Issue",
      "Id": 3
    },
    "VoteCount": 2,
    "Id": 2583
  },
  "FileAttachments": [],
  "Comments": []
}