{
  "WorkItem": {
    "AffectedComponent": {
      "Name": "",
      "DisplayName": ""
    },
    "ClosedComment": "",
    "ClosedDate": null,
    "CommentCount": 0,
    "Custom": null,
    "Description": "When I click the button 'XML Schema' or 'XML doc' then come error - cannot find non-neutral culture related to 'xml'.",
    "LastUpdatedDate": "2013-02-13T13:11:20.913-08:00",
    "PlannedForRelease": "",
    "ReleaseVisibleToPublic": false,
    "Priority": {
      "Name": "Low",
      "Severity": 50,
      "Id": 1
    },
    "ProjectName": "xcase",
    "ReportedDate": "2010-06-10T08:20:05.347-07:00",
    "Status": {
      "Name": "Proposed",
      "Id": 1
    },
    "ReasonClosed": {
      "Name": "Unassigned"
    },
    "Summary": "cannot find non-neutral culture related to 'xml'",
    "Type": {
      "Name": "Issue",
      "Id": 3
    },
    "VoteCount": 1,
    "Id": 6503
  },
  "FileAttachments": [
    {
      "FileId": 2166,
      "FileName": "2010-06-10_181724.png",
      "DownloadUrl": ".\\2166"
    },
    {
      "FileId": 2170,
      "FileName": "2010-06-11_133406.png",
      "DownloadUrl": ".\\2170"
    },
    {
      "FileId": 2171,
      "FileName": "2010-06-11_133558.png",
      "DownloadUrl": ".\\2171"
    },
    {
      "FileId": 2172,
      "FileName": "2010-06-11_133608.png",
      "DownloadUrl": ".\\2172"
    },
    {
      "FileId": 2186,
      "FileName": "2010-06-14_131855_framework.png",
      "DownloadUrl": ".\\2186"
    }
  ],
  "Comments": [
    {
      "Message": "Hi,\r\nthis seems like some language related issue. Could you please send us more information - like the language version of your operation system and .NET framework. And also please expand the stack trace button. \r\n\r\nJakub. ",
      "PostedDate": "2010-06-10T09:43:55.39-07:00",
      "Id": -2147483648
    },
    {
      "Message": "",
      "PostedDate": "2010-06-11T03:35:04.113-07:00",
      "Id": -2147483648
    },
    {
      "Message": "Windows XP SP3, and language settings is in attachment.",
      "PostedDate": "2010-06-11T03:35:04.973-07:00",
      "Id": -2147483648
    },
    {
      "Message": "",
      "PostedDate": "2010-06-11T03:36:50.693-07:00",
      "Id": -2147483648
    },
    {
      "Message": "And longer stack trace",
      "PostedDate": "2010-06-11T03:36:51.353-07:00",
      "Id": -2147483648
    },
    {
      "Message": "",
      "PostedDate": "2010-06-11T03:37:40.33-07:00",
      "Id": -2147483648
    },
    {
      "Message": "stack trace continue",
      "PostedDate": "2010-06-11T03:37:40.973-07:00",
      "Id": -2147483648
    },
    {
      "Message": "",
      "PostedDate": "2010-06-14T03:20:01.223-07:00",
      "Id": -2147483648
    },
    {
      "Message": "I added .NET framework info as screenshot.",
      "PostedDate": "2010-06-14T03:20:02.093-07:00",
      "Id": -2147483648
    },
    {
      "Message": "",
      "PostedDate": "2013-02-13T13:11:20.913-08:00",
      "Id": -2147483648
    }
  ]
}