{
  "WorkItem": {
    "AffectedComponent": {
      "Name": "",
      "DisplayName": ""
    },
    "ClosedComment": "",
    "ClosedDate": "2008-12-10T13:48:36.967-08:00",
    "CommentCount": 0,
    "Custom": null,
    "Description": "PSMAssociation.Diagram is null. (maybe other PSMElements also have Diagram null?)",
    "LastUpdatedDate": "2017-12-08T02:11:58.877-08:00",
    "PlannedForRelease": "",
    "ReleaseVisibleToPublic": false,
    "Priority": {
      "Name": "High",
      "Severity": 150,
      "Id": 3
    },
    "ProjectName": "xcase",
    "ReportedDate": "2008-12-10T13:41:10.953-08:00",
    "Status": {
      "Name": "Closed",
      "Id": 4
    },
    "ReasonClosed": {
      "Name": "Unassigned"
    },
    "Summary": "PSMAssociation.Diagram is null",
    "Type": {
      "Name": "Issue",
      "Id": 3
    },
    "VoteCount": 1,
    "Id": 2842
  },
  "FileAttachments": [],
  "Comments": [
    {
      "Message": "Resolved with changeset 18390.",
      "PostedDate": "2008-12-10T13:48:36.967-08:00",
      "Id": -2147483648
    },
    {
      "Message": "",
      "PostedDate": "2013-02-13T13:11:26.417-08:00",
      "Id": -2147483648
    },
    {
      "Message": "",
      "PostedDate": "2013-05-15T18:55:39.453-07:00",
      "Id": -2147483648
    },
    {
      "Message": "",
      "PostedDate": "2017-12-08T02:11:58.877-08:00",
      "Id": -2147483648
    }
  ]
}