{
  "WorkItem": {
    "AffectedComponent": {
      "Name": "User interface",
      "DisplayName": "User interface"
    },
    "ClosedComment": "",
    "ClosedDate": "2010-04-08T02:23:46.397-07:00",
    "CommentCount": 0,
    "Custom": null,
    "Description": "When running on Windows 7 in user mode, access to layout.xml is denied on exit.\nThis is probably because access to C:\\Program Files (x86)\\XCase 2.0 is restricted and settings should be saved elsewhere (My documents).",
    "LastUpdatedDate": "2013-05-15T18:55:35.353-07:00",
    "PlannedForRelease": "",
    "ReleaseVisibleToPublic": false,
    "Priority": {
      "Name": "Medium",
      "Severity": 100,
      "Id": 2
    },
    "ProjectName": "xcase",
    "ReportedDate": "2009-12-02T06:27:36.143-08:00",
    "Status": {
      "Name": "Closed",
      "Id": 4
    },
    "ReasonClosed": {
      "Name": "Unassigned"
    },
    "Summary": "Access denied when saving layout.xml in Windows 7",
    "Type": {
      "Name": "Issue",
      "Id": 3
    },
    "VoteCount": 1,
    "Id": 4973
  },
  "FileAttachments": [],
  "Comments": []
}