{
  "WorkItem": {
    "AffectedComponent": {
      "Name": "",
      "DisplayName": ""
    },
    "ClosedComment": "Associations are checked.\nPIM classes on the path are not, but they cannot be deleted unless the connecting associations are deleted, which they cannot be. So I think it is ok... closed.",
    "ClosedDate": "2008-12-03T00:19:47.4-08:00",
    "CommentCount": 0,
    "Custom": null,
    "Description": "1) Create PIMs Class1 and Class2\n2) Associate them by an association, let denote it A\n3) Derive Class1 to a new PSM diagram\n4) Add Class2 as a child\n \nYou can not delete neither Class1 nor Class2 from the model, that's right. However, you can delete A. This results into an inconsistency since you have a nesting join in the PSM diagram that represents a PIM path going though A.\n \nThe same but more complicated is for longer PIM paths:\n \n1) Create Class1, Class2, Class3\n2) Associate Class1 with Class2 (assoc A1) and Class2 with Class3 (assoc A2)\n3) Derive Class1 to a new PSM diagram\n4) Add Class3 as a child (PIMPath Class1-Class2-Class3)\n \nNow, you are allowed to delete A1, A2 and even Class2 from the model. This again causes inconsistencies. Only deleting Class1 and Class3 is prohibited by the tool.\n \nThe solution is to check not only whether a PIM class is represented by some PSM class, but moreover whether a PIM class/association is involved in a PIM path in a nesting join represented in a PSM diagram :-/.",
    "LastUpdatedDate": "2013-05-15T18:55:44.167-07:00",
    "PlannedForRelease": "",
    "ReleaseVisibleToPublic": false,
    "Priority": {
      "Name": "Low",
      "Severity": 50,
      "Id": 1
    },
    "ProjectName": "xcase",
    "ReportedDate": "2008-12-03T00:08:29.937-08:00",
    "Status": {
      "Name": "Closed",
      "Id": 4
    },
    "ReasonClosed": {
      "Name": "Unassigned"
    },
    "Summary": "Insufficient check when deleting PIM class/association from model",
    "Type": {
      "Name": "Issue",
      "Id": 3
    },
    "VoteCount": 1,
    "Id": 2784
  },
  "FileAttachments": [],
  "Comments": [
    {
      "Message": "Associated with changeset 18205.",
      "PostedDate": "2008-12-03T00:11:20.78-08:00",
      "Id": -2147483648
    },
    {
      "Message": "",
      "PostedDate": "2008-12-03T00:19:47.4-08:00",
      "Id": -2147483648
    },
    {
      "Message": "",
      "PostedDate": "2013-02-13T13:11:32.33-08:00",
      "Id": -2147483648
    },
    {
      "Message": "",
      "PostedDate": "2013-05-15T18:55:44.167-07:00",
      "Id": -2147483648
    }
  ]
}