{
  "WorkItem": {
    "AffectedComponent": {
      "Name": "",
      "DisplayName": ""
    },
    "ClosedComment": "",
    "ClosedDate": "2008-11-21T01:35:47.51-08:00",
    "CommentCount": 0,
    "Custom": null,
    "Description": "Change nesting joins according to meeting on 20.11.2008",
    "LastUpdatedDate": "2017-12-08T02:11:56.903-08:00",
    "PlannedForRelease": "",
    "ReleaseVisibleToPublic": false,
    "Priority": {
      "Name": "High",
      "Severity": 150,
      "Id": 3
    },
    "ProjectName": "xcase",
    "ReportedDate": "2008-11-20T03:14:03.607-08:00",
    "Status": {
      "Name": "Closed",
      "Id": 4
    },
    "ReasonClosed": {
      "Name": "Unassigned"
    },
    "Summary": "Change nesting joins",
    "Type": {
      "Name": "Task",
      "Id": 2
    },
    "VoteCount": 1,
    "Id": 2667
  },
  "FileAttachments": [],
  "Comments": [
    {
      "Message": "Resolved with changeset 17972.",
      "PostedDate": "2008-11-21T01:35:47.51-08:00",
      "Id": -2147483648
    },
    {
      "Message": "",
      "PostedDate": "2013-02-13T13:11:43.343-08:00",
      "Id": -2147483648
    },
    {
      "Message": "",
      "PostedDate": "2013-05-15T18:55:52.743-07:00",
      "Id": -2147483648
    },
    {
      "Message": "",
      "PostedDate": "2017-12-08T02:11:56.903-08:00",
      "Id": -2147483648
    }
  ]
}