{
  "WorkItem": {
    "AffectedComponent": {
      "Name": "",
      "DisplayName": ""
    },
    "ClosedComment": "",
    "ClosedDate": "2008-11-28T04:13:54.923-08:00",
    "CommentCount": 0,
    "Custom": null,
    "Description": "MultiplicityLabel in PSMAssociation editing does nothing",
    "LastUpdatedDate": "2017-12-08T02:15:51.54-08:00",
    "PlannedForRelease": "",
    "ReleaseVisibleToPublic": false,
    "Priority": {
      "Name": "Low",
      "Severity": 50,
      "Id": 1
    },
    "ProjectName": "xcase",
    "ReportedDate": "2008-11-18T01:27:38.637-08:00",
    "Status": {
      "Name": "Closed",
      "Id": 4
    },
    "ReasonClosed": {
      "Name": "Unassigned"
    },
    "Summary": "MultiplicityLabel in PSMAssociation editing does nothing",
    "Type": {
      "Name": "Issue",
      "Id": 3
    },
    "VoteCount": 1,
    "Id": 2644
  },
  "FileAttachments": [],
  "Comments": [
    {
      "Message": "Fixed",
      "PostedDate": "2008-11-28T04:13:54.923-08:00",
      "Id": -2147483648
    },
    {
      "Message": "",
      "PostedDate": "2013-02-13T13:11:44.05-08:00",
      "Id": -2147483648
    },
    {
      "Message": "",
      "PostedDate": "2013-05-15T18:55:53.32-07:00",
      "Id": -2147483648
    },
    {
      "Message": "",
      "PostedDate": "2017-12-08T02:15:51.54-08:00",
      "Id": -2147483648
    }
  ]
}