{
  "WorkItem": {
    "AffectedComponent": {
      "Name": "Controller",
      "DisplayName": "Controller"
    },
    "ClosedComment": "Fixed",
    "ClosedDate": "2008-11-17T23:30:26.59-08:00",
    "CommentCount": 0,
    "Custom": null,
    "Description": "Interface of RemovePSMAttributeCommand supports removing attributes from AttributeContainer, but attempt to use the command throws an exception.",
    "LastUpdatedDate": "2013-05-15T18:55:58.967-07:00",
    "PlannedForRelease": "",
    "ReleaseVisibleToPublic": false,
    "Priority": {
      "Name": "Low",
      "Severity": 50,
      "Id": 1
    },
    "ProjectName": "xcase",
    "ReportedDate": "2008-10-27T09:19:37.393-07:00",
    "Status": {
      "Name": "Closed",
      "Id": 4
    },
    "ReasonClosed": {
      "Name": "Unassigned"
    },
    "Summary": "RemovePSMAttributeCommand does not work for AttributeContainer",
    "Type": {
      "Name": "Issue",
      "Id": 3
    },
    "VoteCount": 1,
    "Id": 2517
  },
  "FileAttachments": [],
  "Comments": []
}