{
  "WorkItem": {
    "AffectedComponent": {
      "Name": "",
      "DisplayName": ""
    },
    "ClosedComment": "",
    "ClosedDate": "2008-12-18T06:28:45.197-08:00",
    "CommentCount": 0,
    "Custom": null,
    "Description": "There are lots of \"TODOs\" through the project. Go through it, fix it.",
    "LastUpdatedDate": "2013-05-15T18:55:38.077-07:00",
    "PlannedForRelease": "",
    "ReleaseVisibleToPublic": false,
    "Priority": {
      "Name": "High",
      "Severity": 150,
      "Id": 3
    },
    "ProjectName": "xcase",
    "ReportedDate": "2008-12-17T07:55:56.94-08:00",
    "Status": {
      "Name": "Closed",
      "Id": 4
    },
    "ReasonClosed": {
      "Name": "Unassigned"
    },
    "Summary": "GO THROUGH YOUR TODOs",
    "Type": {
      "Name": "Task",
      "Id": 2
    },
    "VoteCount": 1,
    "Id": 2883
  },
  "FileAttachments": [],
  "Comments": [
    {
      "Message": "Associated with changeset 19406.",
      "PostedDate": "2008-12-17T07:59:29.55-08:00",
      "Id": -2147483648
    },
    {
      "Message": "Associated with changeset 19437.",
      "PostedDate": "2008-12-17T10:45:29.333-08:00",
      "Id": -2147483648
    },
    {
      "Message": "Resolved with changeset 19563.",
      "PostedDate": "2008-12-18T06:28:45.197-08:00",
      "Id": -2147483648
    },
    {
      "Message": "",
      "PostedDate": "2013-02-13T13:11:24.22-08:00",
      "Id": -2147483648
    },
    {
      "Message": "",
      "PostedDate": "2013-05-15T18:55:38.077-07:00",
      "Id": -2147483648
    }
  ]
}