{
  "WorkItem": {
    "AffectedComponent": {
      "Name": "",
      "DisplayName": ""
    },
    "ClosedComment": "Fixed by Trupik",
    "ClosedDate": "2008-12-03T00:07:27.39-08:00",
    "CommentCount": 0,
    "Custom": null,
    "Description": "1) Create PIMs Class1, Class2, Class3, Class4\n2) Create a generalization from Class2 to Class1\n3) It should be possible to create a generalization from Class3 to Class2, but it's not.\n4) It should also be possible to create generalizations from Class4 to Class2 and Class3 (multiple inheritance), but I can not test it now.",
    "LastUpdatedDate": "2013-05-15T18:55:44.467-07:00",
    "PlannedForRelease": "",
    "ReleaseVisibleToPublic": false,
    "Priority": {
      "Name": "Low",
      "Severity": 50,
      "Id": 1
    },
    "ProjectName": "xcase",
    "ReportedDate": "2008-12-02T23:26:04.873-08:00",
    "Status": {
      "Name": "Closed",
      "Id": 4
    },
    "ReasonClosed": {
      "Name": "Unassigned"
    },
    "Summary": "More-layered inheritance does not work",
    "Type": {
      "Name": "Issue",
      "Id": 3
    },
    "VoteCount": 1,
    "Id": 2782
  },
  "FileAttachments": [],
  "Comments": []
}