{
  "WorkItem": {
    "AffectedComponent": {
      "Name": "User interface",
      "DisplayName": "User interface"
    },
    "ClosedComment": "",
    "ClosedDate": "2008-12-01T04:14:33.5-08:00",
    "CommentCount": 0,
    "Custom": null,
    "Description": "AssociationLabel.Association is null in PSMDiagrams (AssociationLabel.PSM_Association is set instead) - PropertiesWindow was throwing NRE trying to accces Association field. I added the null check in AssociationGrid.Display, but that is only a workaround.",
    "LastUpdatedDate": "2013-05-15T18:55:57.133-07:00",
    "PlannedForRelease": "",
    "ReleaseVisibleToPublic": false,
    "Priority": {
      "Name": "Low",
      "Severity": 50,
      "Id": 1
    },
    "ProjectName": "xcase",
    "ReportedDate": "2008-11-12T00:25:58.857-08:00",
    "Status": {
      "Name": "Closed",
      "Id": 4
    },
    "ReasonClosed": {
      "Name": "Unassigned"
    },
    "Summary": "PropertiesWindow and AssociationLabel",
    "Type": {
      "Name": "Issue",
      "Id": 3
    },
    "VoteCount": 1,
    "Id": 2569
  },
  "FileAttachments": [],
  "Comments": []
}