{
  "WorkItem": {
    "AffectedComponent": {
      "Name": "Controller",
      "DisplayName": "Controller"
    },
    "ClosedComment": "Class can no longer be a type of a attribute",
    "ClosedDate": "2008-11-20T03:10:11.153-08:00",
    "CommentCount": 0,
    "Custom": null,
    "Description": "Before deleting PIM class, check whether it is not used as a type of some attributes. If it is, deleting can not proceed.",
    "LastUpdatedDate": "2013-05-15T18:55:55.73-07:00",
    "PlannedForRelease": "",
    "ReleaseVisibleToPublic": false,
    "Priority": {
      "Name": "Medium",
      "Severity": 100,
      "Id": 2
    },
    "ProjectName": "xcase",
    "ReportedDate": "2008-11-13T02:53:59.163-08:00",
    "Status": {
      "Name": "Closed",
      "Id": 4
    },
    "ReasonClosed": {
      "Name": "Unassigned"
    },
    "Summary": "Before deleting PIM class, check whether it is not used as a type of some attributes",
    "Type": {
      "Name": "Issue",
      "Id": 3
    },
    "VoteCount": 0,
    "Id": 2590
  },
  "FileAttachments": [],
  "Comments": []
}