{
  "WorkItem": {
    "AffectedComponent": {
      "Name": "Controller",
      "DisplayName": "Controller"
    },
    "ClosedComment": "",
    "ClosedDate": "2008-12-09T07:36:36.58-08:00",
    "CommentCount": 0,
    "Custom": null,
    "Description": "When all diagrams are closed, adding new diagram often results in an exception. (The first one is usualy OK, when it is closed and another diagram is added, exception is thrown).",
    "LastUpdatedDate": "2017-12-08T02:07:40.66-08:00",
    "PlannedForRelease": "",
    "ReleaseVisibleToPublic": false,
    "Priority": {
      "Name": "High",
      "Severity": 150,
      "Id": 3
    },
    "ProjectName": "xcase",
    "ReportedDate": "2008-12-09T07:14:51.777-08:00",
    "Status": {
      "Name": "Closed",
      "Id": 4
    },
    "ReasonClosed": {
      "Name": "Unassigned"
    },
    "Summary": "Exception when adding new diagram",
    "Type": {
      "Name": "Issue",
      "Id": 3
    },
    "VoteCount": 0,
    "Id": 2831
  },
  "FileAttachments": [],
  "Comments": [
    {
      "Message": "Resolved with changeset 18360.",
      "PostedDate": "2008-12-09T07:36:36.58-08:00",
      "Id": -2147483648
    },
    {
      "Message": "",
      "PostedDate": "2013-02-13T13:11:27.473-08:00",
      "Id": -2147483648
    },
    {
      "Message": "",
      "PostedDate": "2013-05-15T18:55:40.43-07:00",
      "Id": -2147483648
    },
    {
      "Message": "",
      "PostedDate": "2017-12-08T02:07:40.66-08:00",
      "Id": -2147483648
    }
  ]
}