{
  "WorkItem": {
    "AffectedComponent": {
      "Name": "",
      "DisplayName": ""
    },
    "ClosedComment": "",
    "ClosedDate": "2008-11-28T03:30:53.16-08:00",
    "CommentCount": 0,
    "Custom": null,
    "Description": "Add support for association class to AddPSMChildrenCommand, update the command with new nesting joins",
    "LastUpdatedDate": "2017-12-08T02:07:38.607-08:00",
    "PlannedForRelease": "",
    "ReleaseVisibleToPublic": false,
    "Priority": {
      "Name": "High",
      "Severity": 150,
      "Id": 3
    },
    "ProjectName": "xcase",
    "ReportedDate": "2008-11-20T03:15:07.573-08:00",
    "Status": {
      "Name": "Closed",
      "Id": 4
    },
    "ReasonClosed": {
      "Name": "Unassigned"
    },
    "Summary": "Add support for association class to AddPSMChildrenCommand",
    "Type": {
      "Name": "Issue",
      "Id": 3
    },
    "VoteCount": 1,
    "Id": 2668
  },
  "FileAttachments": [],
  "Comments": [
    {
      "Message": "Associated with changeset 17988.",
      "PostedDate": "2008-11-22T08:11:02.123-08:00",
      "Id": -2147483648
    },
    {
      "Message": "Resolved with changeset 18097.",
      "PostedDate": "2008-11-28T03:30:53.16-08:00",
      "Id": -2147483648
    },
    {
      "Message": "",
      "PostedDate": "2013-02-13T13:11:43.157-08:00",
      "Id": -2147483648
    },
    {
      "Message": "",
      "PostedDate": "2013-05-15T18:55:52.613-07:00",
      "Id": -2147483648
    },
    {
      "Message": "",
      "PostedDate": "2017-12-08T02:07:38.607-08:00",
      "Id": -2147483648
    }
  ]
}