{
  "WorkItem": {
    "AffectedComponent": {
      "Name": "View",
      "DisplayName": "View"
    },
    "ClosedComment": "",
    "ClosedDate": "2009-05-12T02:44:30.74-07:00",
    "CommentCount": 0,
    "Custom": null,
    "Description": "Content Container can be resized in PSM diagram. Since all other elements can not be resized, I think this should be forbidden too.",
    "LastUpdatedDate": "2017-12-08T02:07:41.243-08:00",
    "PlannedForRelease": "XCase 1.0.4",
    "ReleaseVisibleToPublic": true,
    "Priority": {
      "Name": "Low",
      "Severity": 50,
      "Id": 1
    },
    "ProjectName": "xcase",
    "ReportedDate": "2009-04-13T06:41:25.703-07:00",
    "Status": {
      "Name": "Closed",
      "Id": 4
    },
    "ReasonClosed": {
      "Name": "Unassigned"
    },
    "Summary": "Content Container can be resized",
    "Type": {
      "Name": "Issue",
      "Id": 3
    },
    "VoteCount": 1,
    "Id": 3551
  },
  "FileAttachments": [],
  "Comments": [
    {
      "Message": "Resolved with changeset 23384.",
      "PostedDate": "2009-05-12T02:44:30.74-07:00",
      "Id": -2147483648
    },
    {
      "Message": "",
      "PostedDate": "2013-02-13T13:11:23.49-08:00",
      "Id": -2147483648
    },
    {
      "Message": "",
      "PostedDate": "2013-05-15T18:55:37.68-07:00",
      "Id": -2147483648
    },
    {
      "Message": "",
      "PostedDate": "2017-12-08T02:07:41.243-08:00",
      "Id": -2147483648
    }
  ]
}