{
  "WorkItem": {
    "AffectedComponent": {
      "Name": "",
      "DisplayName": ""
    },
    "ClosedComment": "",
    "ClosedDate": "2008-12-09T11:47:38.703-08:00",
    "CommentCount": 0,
    "Custom": null,
    "Description": "In case of empty PIM/PSM diagram.",
    "LastUpdatedDate": "2017-12-08T02:15:54.133-08:00",
    "PlannedForRelease": "",
    "ReleaseVisibleToPublic": false,
    "Priority": {
      "Name": "Medium",
      "Severity": 100,
      "Id": 2
    },
    "ProjectName": "xcase",
    "ReportedDate": "2008-12-08T09:48:59.45-08:00",
    "Status": {
      "Name": "Closed",
      "Id": 4
    },
    "ReasonClosed": {
      "Name": "Unassigned"
    },
    "Summary": "Crash after 'Copy as PNG to clipboard'",
    "Type": {
      "Name": "Issue",
      "Id": 3
    },
    "VoteCount": 1,
    "Id": 2822
  },
  "FileAttachments": [],
  "Comments": [
    {
      "Message": "Resolved with changeset 18364.",
      "PostedDate": "2008-12-09T11:47:38.703-08:00",
      "Id": -2147483648
    },
    {
      "Message": "",
      "PostedDate": "2013-02-13T13:11:28.447-08:00",
      "Id": -2147483648
    },
    {
      "Message": "",
      "PostedDate": "2013-05-15T18:55:41.13-07:00",
      "Id": -2147483648
    },
    {
      "Message": "",
      "PostedDate": "2017-12-08T02:15:54.133-08:00",
      "Id": -2147483648
    }
  ]
}