{
  "WorkItem": {
    "AffectedComponent": {
      "Name": "Controller",
      "DisplayName": "Controller"
    },
    "ClosedComment": "",
    "ClosedDate": "2008-11-24T14:21:03.453-08:00",
    "CommentCount": 0,
    "Custom": null,
    "Description": "Allow deleting only if it would not result in inconsistent model and PSM diagrams.",
    "LastUpdatedDate": "2017-12-08T02:07:37.837-08:00",
    "PlannedForRelease": "",
    "ReleaseVisibleToPublic": false,
    "Priority": {
      "Name": "High",
      "Severity": 150,
      "Id": 3
    },
    "ProjectName": "xcase",
    "ReportedDate": "2008-11-13T02:57:21.79-08:00",
    "Status": {
      "Name": "Closed",
      "Id": 4
    },
    "ReasonClosed": {
      "Name": "Unassigned"
    },
    "Summary": "Deleting from PIM (model)",
    "Type": {
      "Name": "Issue",
      "Id": 3
    },
    "VoteCount": 0,
    "Id": 2593
  },
  "FileAttachments": [],
  "Comments": [
    {
      "Message": "Associated with changeset 17898.",
      "PostedDate": "2008-11-18T00:44:15.687-08:00",
      "Id": -2147483648
    },
    {
      "Message": "Resolved with changeset 18033.",
      "PostedDate": "2008-11-24T14:21:03.453-08:00",
      "Id": -2147483648
    },
    {
      "Message": "",
      "PostedDate": "2013-02-13T13:11:46.077-08:00",
      "Id": -2147483648
    },
    {
      "Message": "",
      "PostedDate": "2013-05-15T18:55:55.29-07:00",
      "Id": -2147483648
    },
    {
      "Message": "",
      "PostedDate": "2017-12-08T02:07:37.837-08:00",
      "Id": -2147483648
    }
  ]
}