{
  "WorkItem": {
    "AffectedComponent": {
      "Name": "",
      "DisplayName": ""
    },
    "ClosedComment": "",
    "ClosedDate": "2008-11-24T07:05:47.373-08:00",
    "CommentCount": 0,
    "Custom": null,
    "Description": "Property should be aware of derived PSMAttributes",
    "LastUpdatedDate": "2017-12-08T02:11:56.78-08:00",
    "PlannedForRelease": "",
    "ReleaseVisibleToPublic": false,
    "Priority": {
      "Name": "Low",
      "Severity": 50,
      "Id": 1
    },
    "ProjectName": "xcase",
    "ReportedDate": "2008-11-18T00:49:29.857-08:00",
    "Status": {
      "Name": "Closed",
      "Id": 4
    },
    "ReasonClosed": {
      "Name": "Unassigned"
    },
    "Summary": "Property should be aware of derived PSMAttributes",
    "Type": {
      "Name": "Feature",
      "Id": 1
    },
    "VoteCount": 1,
    "Id": 2641
  },
  "FileAttachments": [],
  "Comments": [
    {
      "Message": "Resolved with changeset 18029.",
      "PostedDate": "2008-11-24T07:05:47.373-08:00",
      "Id": -2147483648
    },
    {
      "Message": "",
      "PostedDate": "2013-02-13T13:11:44.647-08:00",
      "Id": -2147483648
    },
    {
      "Message": "",
      "PostedDate": "2013-05-15T18:55:53.723-07:00",
      "Id": -2147483648
    },
    {
      "Message": "",
      "PostedDate": "2017-12-08T02:11:56.78-08:00",
      "Id": -2147483648
    }
  ]
}