{
  "WorkItem": {
    "AffectedComponent": {
      "Name": "",
      "DisplayName": ""
    },
    "ClosedComment": "",
    "ClosedDate": "2008-11-13T03:16:26.733-08:00",
    "CommentCount": 0,
    "Custom": null,
    "Description": "Serialize the Schema to an XML file. The format has to be argued with Martin.",
    "LastUpdatedDate": "2017-12-08T02:11:55.027-08:00",
    "PlannedForRelease": "",
    "ReleaseVisibleToPublic": false,
    "Priority": {
      "Name": "Unassigned",
      "Severity": 0,
      "Id": 0
    },
    "ProjectName": "xcase",
    "ReportedDate": "2008-06-13T03:47:20.223-07:00",
    "Status": {
      "Name": "Closed",
      "Id": 4
    },
    "ReasonClosed": {
      "Name": "Unassigned"
    },
    "Summary": "Model serialization",
    "Type": {
      "Name": "Task",
      "Id": 2
    },
    "VoteCount": 1,
    "Id": 1401
  },
  "FileAttachments": [],
  "Comments": [
    {
      "Message": "Associated with changeset 16934.",
      "PostedDate": "2008-10-08T05:38:58.79-07:00",
      "Id": -2147483648
    },
    {
      "Message": "",
      "PostedDate": "2008-10-09T06:15:51.063-07:00",
      "Id": -2147483648
    },
    {
      "Message": "",
      "PostedDate": "2008-11-13T03:16:26.733-08:00",
      "Id": -2147483648
    },
    {
      "Message": "",
      "PostedDate": "2013-02-13T13:11:55.857-08:00",
      "Id": -2147483648
    },
    {
      "Message": "",
      "PostedDate": "2013-05-15T18:56:03.373-07:00",
      "Id": -2147483648
    },
    {
      "Message": "",
      "PostedDate": "2017-12-08T02:11:55.027-08:00",
      "Id": -2147483648
    }
  ]
}