{
  "WorkItem": {
    "AffectedComponent": {
      "Name": "User interface",
      "DisplayName": "User interface"
    },
    "ClosedComment": "",
    "ClosedDate": "2008-10-25T04:15:57.917-07:00",
    "CommentCount": 0,
    "Custom": null,
    "Description": "ActiveDiagramChanged not invoked when closing a diagram.",
    "LastUpdatedDate": "2013-05-15T18:55:59.853-07:00",
    "PlannedForRelease": "",
    "ReleaseVisibleToPublic": false,
    "Priority": {
      "Name": "Medium",
      "Severity": 100,
      "Id": 2
    },
    "ProjectName": "xcase",
    "ReportedDate": "2008-10-23T07:37:56.687-07:00",
    "Status": {
      "Name": "Closed",
      "Id": 4
    },
    "ReasonClosed": {
      "Name": "Unassigned"
    },
    "Summary": "ActiveDiagramChanged not invoked when closing a diagram",
    "Type": {
      "Name": "Issue",
      "Id": 3
    },
    "VoteCount": 1,
    "Id": 2500
  },
  "FileAttachments": [],
  "Comments": [
    {
      "Message": "Resolved with changeset 17402.",
      "PostedDate": "2008-10-25T04:15:57.917-07:00",
      "Id": -2147483648
    },
    {
      "Message": "",
      "PostedDate": "2013-02-13T13:11:51.657-08:00",
      "Id": -2147483648
    },
    {
      "Message": "",
      "PostedDate": "2013-05-15T18:55:59.853-07:00",
      "Id": -2147483648
    }
  ]
}