{
  "WorkItem": {
    "AffectedComponent": {
      "Name": "View",
      "DisplayName": "View"
    },
    "ClosedComment": "Fixed by explicit call. Still I don&#39;t know why it didn&#39;t work in the first place. ",
    "ClosedDate": "2009-10-12T03:39:14.763-07:00",
    "CommentCount": 0,
    "Custom": null,
    "Description": "Renaming ContentContainer does not invoke auto layout.",
    "LastUpdatedDate": "2013-05-15T18:55:37.407-07:00",
    "PlannedForRelease": "",
    "ReleaseVisibleToPublic": false,
    "Priority": {
      "Name": "Low",
      "Severity": 50,
      "Id": 1
    },
    "ProjectName": "xcase",
    "ReportedDate": "2009-04-25T05:26:43.093-07:00",
    "Status": {
      "Name": "Closed",
      "Id": 4
    },
    "ReasonClosed": {
      "Name": "Unassigned"
    },
    "Summary": "Renaming ContentContainer does not invoke auto layout",
    "Type": {
      "Name": "Issue",
      "Id": 3
    },
    "VoteCount": 1,
    "Id": 3608
  },
  "FileAttachments": [],
  "Comments": []
}