{
  "WorkItem": {
    "AffectedComponent": {
      "Name": "",
      "DisplayName": ""
    },
    "ClosedComment": "",
    "ClosedDate": "2008-12-17T10:55:17.46-08:00",
    "CommentCount": 0,
    "Custom": null,
    "Description": "1. Create PIM Class 1, PIM Class2\n2. Connect them with Association Class 1\n3. Derive Class 1 to PSM\n4. Add Association class as its child\n5. Association class in PSM is selected and it is impossible to unselect it (clicking on the canvas or on PSM Class1 does not work)",
    "LastUpdatedDate": "2017-12-08T02:15:54.947-08:00",
    "PlannedForRelease": "",
    "ReleaseVisibleToPublic": false,
    "Priority": {
      "Name": "High",
      "Severity": 150,
      "Id": 3
    },
    "ProjectName": "xcase",
    "ReportedDate": "2008-12-17T07:04:11.92-08:00",
    "Status": {
      "Name": "Closed",
      "Id": 4
    },
    "ReasonClosed": {
      "Name": "Unassigned"
    },
    "Summary": "Association class selected forever",
    "Type": {
      "Name": "Issue",
      "Id": 3
    },
    "VoteCount": 1,
    "Id": 2880
  },
  "FileAttachments": [],
  "Comments": [
    {
      "Message": "There is some problem with the SelectedItemsCollection.\r\nWhen in SetSelection(), it locks and then an exception occurs when Adding to the collection (and it is not unlocked).\r\nIt is catched in XCaseCanvas, line 344 where following is stated:\r\n// TODO : remove try/finally after PropertiesWindow is fixed",
      "PostedDate": "2008-12-17T07:53:08.33-08:00",
      "Id": -2147483648
    },
    {
      "Message": "",
      "PostedDate": "2008-12-17T07:53:09.813-08:00",
      "Id": -2147483648
    },
    {
      "Message": "Resolved with changeset 19439.",
      "PostedDate": "2008-12-17T10:55:17.46-08:00",
      "Id": -2147483648
    },
    {
      "Message": "",
      "PostedDate": "2013-02-13T13:11:24.65-08:00",
      "Id": -2147483648
    },
    {
      "Message": "",
      "PostedDate": "2013-05-15T18:55:38.35-07:00",
      "Id": -2147483648
    },
    {
      "Message": "",
      "PostedDate": "2017-12-08T02:15:54.947-08:00",
      "Id": -2147483648
    }
  ]
}