{
  "WorkItem": {
    "AffectedComponent": {
      "Name": "User interface",
      "DisplayName": "User interface"
    },
    "ClosedComment": "",
    "ClosedDate": "2008-11-02T13:30:05.403-08:00",
    "CommentCount": 0,
    "Custom": null,
    "Description": "Dragging class from Navigator does not work",
    "LastUpdatedDate": "2013-05-15T18:55:59.72-07:00",
    "PlannedForRelease": "",
    "ReleaseVisibleToPublic": false,
    "Priority": {
      "Name": "High",
      "Severity": 150,
      "Id": 3
    },
    "ProjectName": "xcase",
    "ReportedDate": "2008-10-23T08:05:26.99-07:00",
    "Status": {
      "Name": "Closed",
      "Id": 4
    },
    "ReasonClosed": {
      "Name": "Unassigned"
    },
    "Summary": "Dragging class from Navigator does not work",
    "Type": {
      "Name": "Issue",
      "Id": 3
    },
    "VoteCount": 1,
    "Id": 2501
  },
  "FileAttachments": [],
  "Comments": [
    {
      "Message": "Associated with changeset 17432.",
      "PostedDate": "2008-10-26T15:01:01.583-07:00",
      "Id": -2147483648
    },
    {
      "Message": "Resolved with changeset 17556.",
      "PostedDate": "2008-11-02T13:30:05.403-08:00",
      "Id": -2147483648
    },
    {
      "Message": "",
      "PostedDate": "2013-02-13T13:11:51.45-08:00",
      "Id": -2147483648
    },
    {
      "Message": "",
      "PostedDate": "2013-05-15T18:55:59.72-07:00",
      "Id": -2147483648
    }
  ]
}