{
  "WorkItem": {
    "AffectedComponent": {
      "Name": "Controller",
      "DisplayName": "Controller"
    },
    "ClosedComment": "",
    "ClosedDate": "2008-11-26T15:16:30.473-08:00",
    "CommentCount": 0,
    "Custom": null,
    "Description": "Redo needs to be reimplemented.\nEspecially for Add...Commands, Undo removes created element, redo creates a new one, disrupting the Undo/Redo stack.",
    "LastUpdatedDate": "2017-12-08T02:07:38.78-08:00",
    "PlannedForRelease": "",
    "ReleaseVisibleToPublic": false,
    "Priority": {
      "Name": "High",
      "Severity": 150,
      "Id": 3
    },
    "ProjectName": "xcase",
    "ReportedDate": "2008-11-26T12:58:28.13-08:00",
    "Status": {
      "Name": "Closed",
      "Id": 4
    },
    "ReasonClosed": {
      "Name": "Unassigned"
    },
    "Summary": "Redo reimplementation",
    "Type": {
      "Name": "Issue",
      "Id": 3
    },
    "VoteCount": 1,
    "Id": 2721
  },
  "FileAttachments": [],
  "Comments": [
    {
      "Message": "Associated with changeset 18068.",
      "PostedDate": "2008-11-26T13:42:46.27-08:00",
      "Id": -2147483648
    },
    {
      "Message": "Resolved with changeset 18072.",
      "PostedDate": "2008-11-26T15:16:30.473-08:00",
      "Id": -2147483648
    },
    {
      "Message": "",
      "PostedDate": "2013-02-13T13:11:39.967-08:00",
      "Id": -2147483648
    },
    {
      "Message": "",
      "PostedDate": "2013-05-15T18:55:49.897-07:00",
      "Id": -2147483648
    },
    {
      "Message": "",
      "PostedDate": "2017-12-08T02:07:38.78-08:00",
      "Id": -2147483648
    }
  ]
}