{
  "WorkItem": {
    "AffectedComponent": {
      "Name": "",
      "DisplayName": ""
    },
    "ClosedComment": "",
    "ClosedDate": "2008-12-03T04:17:50.707-08:00",
    "CommentCount": 0,
    "Custom": null,
    "Description": "Propagating PIMattribute cardinality change to PSM Attributes",
    "LastUpdatedDate": "2017-12-08T02:07:39.357-08:00",
    "PlannedForRelease": "",
    "ReleaseVisibleToPublic": false,
    "Priority": {
      "Name": "Low",
      "Severity": 50,
      "Id": 1
    },
    "ProjectName": "xcase",
    "ReportedDate": "2008-11-27T09:00:41.723-08:00",
    "Status": {
      "Name": "Closed",
      "Id": 4
    },
    "ReasonClosed": {
      "Name": "Unassigned"
    },
    "Summary": "Propagating PIMattribute cardinality change to PSM Attributes",
    "Type": {
      "Name": "Feature",
      "Id": 1
    },
    "VoteCount": 1,
    "Id": 2735
  },
  "FileAttachments": [],
  "Comments": [
    {
      "Message": "I declare this a \"model feature\" :)",
      "PostedDate": "2008-11-29T10:34:15.94-08:00",
      "Id": -2147483648
    },
    {
      "Message": "Resolved with changeset 18186.",
      "PostedDate": "2008-12-02T11:28:22.99-08:00",
      "Id": -2147483648
    },
    {
      "Message": "Again, this is not!\r\nThe propagation should not be automatic, the user has to be aksed if he wants to propagate it!",
      "PostedDate": "2008-12-02T11:41:23.77-08:00",
      "Id": -2147483648
    },
    {
      "Message": "\r\n\r\n** Closed by Luk 12/2/2008 11:28 AM",
      "PostedDate": "2008-12-02T11:41:42.533-08:00",
      "Id": -2147483648
    },
    {
      "Message": "Re-opened after consultation with Martin",
      "PostedDate": "2008-12-02T11:41:42.83-08:00",
      "Id": -2147483648
    },
    {
      "Message": "",
      "PostedDate": "2008-12-02T11:42:01.69-08:00",
      "Id": -2147483648
    },
    {
      "Message": "Ok, now I declare it evolution topic for Kuba :D",
      "PostedDate": "2008-12-03T02:34:02.213-08:00",
      "Id": -2147483648
    },
    {
      "Message": "Resolved with changeset 18211.",
      "PostedDate": "2008-12-03T04:17:50.707-08:00",
      "Id": -2147483648
    },
    {
      "Message": "",
      "PostedDate": "2013-02-13T13:11:37.9-08:00",
      "Id": -2147483648
    },
    {
      "Message": "",
      "PostedDate": "2013-05-15T18:55:48.277-07:00",
      "Id": -2147483648
    },
    {
      "Message": "",
      "PostedDate": "2017-12-08T02:07:39.357-08:00",
      "Id": -2147483648
    }
  ]
}