{
  "WorkItem": {
    "AffectedComponent": {
      "Name": "",
      "DisplayName": ""
    },
    "ClosedComment": "",
    "ClosedDate": "2008-11-22T11:26:54.03-08:00",
    "CommentCount": 0,
    "Custom": null,
    "Description": "Layouting after deleting subtree causes exception",
    "LastUpdatedDate": "2013-05-15T18:55:53.587-07:00",
    "PlannedForRelease": "",
    "ReleaseVisibleToPublic": false,
    "Priority": {
      "Name": "Low",
      "Severity": 50,
      "Id": 1
    },
    "ProjectName": "xcase",
    "ReportedDate": "2008-11-18T00:55:48.04-08:00",
    "Status": {
      "Name": "Closed",
      "Id": 4
    },
    "ReasonClosed": {
      "Name": "Unassigned"
    },
    "Summary": "Layouting after deleting subtree causes exception",
    "Type": {
      "Name": "Issue",
      "Id": 3
    },
    "VoteCount": 1,
    "Id": 2642
  },
  "FileAttachments": [],
  "Comments": [
    {
      "Message": "Is this still happening? It may have been caused by PSM class not removing itself from Roots collection which I have fixed today. ",
      "PostedDate": "2008-11-18T06:26:48.4-08:00",
      "Id": -2147483648
    },
    {
      "Message": "Yes, still happening",
      "PostedDate": "2008-11-20T23:57:10.417-08:00",
      "Id": -2147483648
    },
    {
      "Message": "Resolved with changeset 17994.",
      "PostedDate": "2008-11-22T11:26:54.03-08:00",
      "Id": -2147483648
    },
    {
      "Message": "",
      "PostedDate": "2013-02-13T13:11:44.427-08:00",
      "Id": -2147483648
    },
    {
      "Message": "",
      "PostedDate": "2013-05-15T18:55:53.587-07:00",
      "Id": -2147483648
    }
  ]
}