{
  "WorkItem": {
    "AffectedComponent": {
      "Name": "",
      "DisplayName": ""
    },
    "ClosedComment": "",
    "ClosedDate": "2008-12-05T01:43:55.813-08:00",
    "CommentCount": 0,
    "Custom": null,
    "Description": "1) Create PIMs Class1 and Class2 and put Class2 beneath Class1 in the diagram\n2) Associate the classes\n3) Move the endpoint at Class1 somewhere out of its default position.\n4) Add an attribute to Class1\n \nThe endpoint at Class1 does not move even Class1 has been resized.",
    "LastUpdatedDate": "2013-05-15T18:55:43.717-07:00",
    "PlannedForRelease": "",
    "ReleaseVisibleToPublic": false,
    "Priority": {
      "Name": "Low",
      "Severity": 50,
      "Id": 1
    },
    "ProjectName": "xcase",
    "ReportedDate": "2008-12-03T12:35:16.737-08:00",
    "Status": {
      "Name": "Closed",
      "Id": 4
    },
    "ReasonClosed": {
      "Name": "Unassigned"
    },
    "Summary": "PIM association endpoint does not move properly when respective PIM class is resized",
    "Type": {
      "Name": "Issue",
      "Id": 3
    },
    "VoteCount": 1,
    "Id": 2792
  },
  "FileAttachments": [],
  "Comments": [
    {
      "Message": "Solved in some of my previous check ins.",
      "PostedDate": "2008-12-05T01:43:55.813-08:00",
      "Id": -2147483648
    },
    {
      "Message": "",
      "PostedDate": "2013-02-13T13:11:31.833-08:00",
      "Id": -2147483648
    },
    {
      "Message": "",
      "PostedDate": "2013-05-15T18:55:43.717-07:00",
      "Id": -2147483648
    }
  ]
}