{
  "WorkItem": {
    "AffectedComponent": {
      "Name": "Controller",
      "DisplayName": "Controller"
    },
    "ClosedComment": "done",
    "ClosedDate": "2008-12-17T14:34:41.64-08:00",
    "CommentCount": 0,
    "Custom": null,
    "Description": "Multiplicity string format is not checked when changing multiplicity via canvas ('Change association mulitplicity').\n(It crashes on unit.Parse if you insert something like 'aaa' etc.)",
    "LastUpdatedDate": "2013-05-15T18:55:42.273-07:00",
    "PlannedForRelease": "",
    "ReleaseVisibleToPublic": false,
    "Priority": {
      "Name": "High",
      "Severity": 150,
      "Id": 3
    },
    "ProjectName": "xcase",
    "ReportedDate": "2008-12-06T08:09:35.937-08:00",
    "Status": {
      "Name": "Closed",
      "Id": 4
    },
    "ReasonClosed": {
      "Name": "Unassigned"
    },
    "Summary": "Check multiplicity string format",
    "Type": {
      "Name": "Issue",
      "Id": 3
    },
    "VoteCount": 2,
    "Id": 2812
  },
  "FileAttachments": [],
  "Comments": [
    {
      "Message": "Associated with changeset 18317.",
      "PostedDate": "2008-12-07T00:47:17.923-08:00",
      "Id": -2147483648
    },
    {
      "Message": "FormatException when changing multiplicity catched and displayed in an error dialog. However I did't update PropertiesWindow. (return value of ParseMutliplicityString must be checked).",
      "PostedDate": "2008-12-07T00:48:36.563-08:00",
      "Id": -2147483648
    },
    {
      "Message": "",
      "PostedDate": "2008-12-16T16:11:07.697-08:00",
      "Id": -2147483648
    },
    {
      "Message": "",
      "PostedDate": "2008-12-17T14:34:41.64-08:00",
      "Id": -2147483648
    },
    {
      "Message": "",
      "PostedDate": "2013-02-13T13:11:29.89-08:00",
      "Id": -2147483648
    },
    {
      "Message": "",
      "PostedDate": "2013-05-15T18:55:42.273-07:00",
      "Id": -2147483648
    }
  ]
}