{
  "WorkItem": {
    "AffectedComponent": {
      "Name": "Controller",
      "DisplayName": "Controller"
    },
    "ClosedComment": "",
    "ClosedDate": "2008-10-30T03:02:21.173-07:00",
    "CommentCount": 0,
    "Custom": null,
    "Description": "Deriving PSM class to existing diagram fails if the diagram is not opened",
    "LastUpdatedDate": "2017-12-08T02:07:36.84-08:00",
    "PlannedForRelease": "",
    "ReleaseVisibleToPublic": false,
    "Priority": {
      "Name": "Low",
      "Severity": 50,
      "Id": 1
    },
    "ProjectName": "xcase",
    "ReportedDate": "2008-10-28T01:37:50.797-07:00",
    "Status": {
      "Name": "Closed",
      "Id": 4
    },
    "ReasonClosed": {
      "Name": "Unassigned"
    },
    "Summary": "Deriving PSM class to existing diagram fails if the diagram is not opened",
    "Type": {
      "Name": "Issue",
      "Id": 3
    },
    "VoteCount": 1,
    "Id": 2519
  },
  "FileAttachments": [],
  "Comments": [
    {
      "Message": "Resolved with changeset 17516.",
      "PostedDate": "2008-10-30T03:02:21.173-07:00",
      "Id": -2147483648
    },
    {
      "Message": "",
      "PostedDate": "2013-02-13T13:11:50.377-08:00",
      "Id": -2147483648
    },
    {
      "Message": "",
      "PostedDate": "2013-05-15T18:55:58.81-07:00",
      "Id": -2147483648
    },
    {
      "Message": "",
      "PostedDate": "2017-12-08T02:07:36.84-08:00",
      "Id": -2147483648
    }
  ]
}