{
  "WorkItem": {
    "AffectedComponent": {
      "Name": "",
      "DisplayName": ""
    },
    "ClosedComment": "implemented",
    "ClosedDate": "2008-11-12T13:38:12.303-08:00",
    "CommentCount": 0,
    "Custom": null,
    "Description": "PSMElementViewHelper changed, serialization change needed.",
    "LastUpdatedDate": "2013-05-15T18:55:58.09-07:00",
    "PlannedForRelease": "",
    "ReleaseVisibleToPublic": false,
    "Priority": {
      "Name": "Medium",
      "Severity": 100,
      "Id": 2
    },
    "ProjectName": "xcase",
    "ReportedDate": "2008-11-07T00:30:17.573-08:00",
    "Status": {
      "Name": "Closed",
      "Id": 4
    },
    "ReasonClosed": {
      "Name": "Unassigned"
    },
    "Summary": "Serialization of PSMElementViewHelper",
    "Type": {
      "Name": "Task",
      "Id": 2
    },
    "VoteCount": 1,
    "Id": 2546
  },
  "FileAttachments": [],
  "Comments": []
}