{
  "WorkItem": {
    "AffectedComponent": {
      "Name": "Reverse",
      "DisplayName": "Reverse"
    },
    "ClosedComment": "",
    "ClosedDate": null,
    "CommentCount": 0,
    "Custom": null,
    "Description": "Some types are imported as classes without labels even though in they correspond to elements in XSD. \n \nFollowing imports as class without label: \n<xs:element name=\"POS\" type=\"POS_Type\" minOccurs=\"0\">",
    "LastUpdatedDate": "2017-12-08T02:07:42.033-08:00",
    "PlannedForRelease": "",
    "ReleaseVisibleToPublic": false,
    "Priority": {
      "Name": "Medium",
      "Severity": 100,
      "Id": 2
    },
    "ProjectName": "xcase",
    "ReportedDate": "2010-03-23T13:23:59.63-07:00",
    "Status": {
      "Name": "Proposed",
      "Id": 1
    },
    "ReasonClosed": {
      "Name": "Unassigned"
    },
    "Summary": "Missing element labels after XSD->PSM",
    "Type": {
      "Name": "Issue",
      "Id": 3
    },
    "VoteCount": 1,
    "Id": 5607
  },
  "FileAttachments": [
    {
      "FileId": 1886,
      "FileName": "OTA_AirCheckIn.xsd",
      "DownloadUrl": ".\\1886"
    }
  ],
  "Comments": []
}