{
  "WorkItem": {
    "AffectedComponent": {
      "Name": "Controller",
      "DisplayName": "Controller"
    },
    "ClosedComment": "",
    "ClosedDate": "2009-05-12T15:37:19.443-07:00",
    "CommentCount": 0,
    "Custom": null,
    "Description": "Open Purchase example\ngo to PSM\nDelete the Items content container (delete key)\nUndo fails\n \nThis issue is present in all versions",
    "LastUpdatedDate": "2017-12-08T02:15:55.277-08:00",
    "PlannedForRelease": "XCase 1.0.4",
    "ReleaseVisibleToPublic": true,
    "Priority": {
      "Name": "High",
      "Severity": 150,
      "Id": 3
    },
    "ProjectName": "xcase",
    "ReportedDate": "2009-05-12T02:26:35.873-07:00",
    "Status": {
      "Name": "Closed",
      "Id": 4
    },
    "ReasonClosed": {
      "Name": "Unassigned"
    },
    "Summary": "Delete ContentContainer Undo fails",
    "Type": {
      "Name": "Issue",
      "Id": 3
    },
    "VoteCount": 1,
    "Id": 3638
  },
  "FileAttachments": [],
  "Comments": [
    {
      "Message": "Resolved with changeset 23391.",
      "PostedDate": "2009-05-12T15:37:19.443-07:00",
      "Id": -2147483648
    },
    {
      "Message": "",
      "PostedDate": "2013-02-13T13:11:22.963-08:00",
      "Id": -2147483648
    },
    {
      "Message": "",
      "PostedDate": "2013-05-15T18:55:37.107-07:00",
      "Id": -2147483648
    },
    {
      "Message": "",
      "PostedDate": "2017-12-08T02:15:55.277-08:00",
      "Id": -2147483648
    }
  ]
}