{
  "WorkItem": {
    "AffectedComponent": {
      "Name": "User interface",
      "DisplayName": "User interface"
    },
    "ClosedComment": "Fixed",
    "ClosedDate": "2008-12-15T13:01:42.67-08:00",
    "CommentCount": 0,
    "Custom": null,
    "Description": "When  I have something showing in PW and close the last diagram, there are still properties of the last selected object visible and editable in PW. \n \nWhen I edit something, a command is issued and then the program crashes, because the PW tries to reach active diagram's command stack",
    "LastUpdatedDate": "2013-05-15T18:55:40.17-07:00",
    "PlannedForRelease": "",
    "ReleaseVisibleToPublic": false,
    "Priority": {
      "Name": "High",
      "Severity": 150,
      "Id": 3
    },
    "ProjectName": "xcase",
    "ReportedDate": "2008-12-09T08:35:48.683-08:00",
    "Status": {
      "Name": "Closed",
      "Id": 4
    },
    "ReasonClosed": {
      "Name": "Unassigned"
    },
    "Summary": "Properties Window showing content when diagram is closed",
    "Type": {
      "Name": "Issue",
      "Id": 3
    },
    "VoteCount": 0,
    "Id": 2833
  },
  "FileAttachments": [],
  "Comments": []
}