{
  "WorkItem": {
    "AffectedComponent": {
      "Name": "",
      "DisplayName": ""
    },
    "ClosedComment": "I think I fixed that earlier",
    "ClosedDate": "2008-11-29T09:59:53.627-08:00",
    "CommentCount": 0,
    "Custom": null,
    "Description": "Delete PSM Subtree Undo/Redo not working properly.\n1) Demo\n2) Part -> Derive\n3) Add Children, Supply, Supplier\n4) Part -> Delete subtree, Delete\n5) Undo Delete\n6) Undo Add children\n7) Redo Add children\n8) Redo Delete subtree\n9) Exception in cmdMoveToLeft.CanExecute(): Object reference not set to an instance of an object",
    "LastUpdatedDate": "2013-05-15T18:55:47.55-07:00",
    "PlannedForRelease": "",
    "ReleaseVisibleToPublic": false,
    "Priority": {
      "Name": "High",
      "Severity": 150,
      "Id": 3
    },
    "ProjectName": "xcase",
    "ReportedDate": "2008-11-27T12:32:10.19-08:00",
    "Status": {
      "Name": "Closed",
      "Id": 4
    },
    "ReasonClosed": {
      "Name": "Unassigned"
    },
    "Summary": "Delete PSM Subtree Undo/Redo causing exception",
    "Type": {
      "Name": "Issue",
      "Id": 3
    },
    "VoteCount": 1,
    "Id": 2740
  },
  "FileAttachments": [],
  "Comments": []
}