{
  "WorkItem": {
    "AffectedComponent": {
      "Name": "User interface",
      "DisplayName": "User interface"
    },
    "ClosedComment": "",
    "ClosedDate": "2008-10-14T07:56:17.8-07:00",
    "CommentCount": 0,
    "Custom": null,
    "Description": "Export to image / for print should be possible in the editor.",
    "LastUpdatedDate": "2013-05-15T18:56:01.527-07:00",
    "PlannedForRelease": "",
    "ReleaseVisibleToPublic": false,
    "Priority": {
      "Name": "Low",
      "Severity": 50,
      "Id": 1
    },
    "ProjectName": "xcase",
    "ReportedDate": "2008-10-08T07:26:19.567-07:00",
    "Status": {
      "Name": "Closed",
      "Id": 4
    },
    "ReasonClosed": {
      "Name": "Unassigned"
    },
    "Summary": "Export diagram to image",
    "Type": {
      "Name": "Feature",
      "Id": 1
    },
    "VoteCount": 2,
    "Id": 2434
  },
  "FileAttachments": [],
  "Comments": [
    {
      "Message": "Resolved with changeset 17119.",
      "PostedDate": "2008-10-14T07:56:17.8-07:00",
      "Id": -2147483648
    },
    {
      "Message": "",
      "PostedDate": "2013-02-13T13:11:53.497-08:00",
      "Id": -2147483648
    },
    {
      "Message": "",
      "PostedDate": "2013-05-15T18:56:01.527-07:00",
      "Id": -2147483648
    }
  ]
}