{
  "WorkItem": {
    "AffectedComponent": {
      "Name": "",
      "DisplayName": ""
    },
    "ClosedComment": "Fixed",
    "ClosedDate": "2008-12-15T12:57:14.06-08:00",
    "CommentCount": 0,
    "Custom": null,
    "Description": "1) Create a PIM class Class1\n2) Create a package\n3) Move Class1 to the package\n \nIf we select Class1 in Navigator, Class1 is not selected in the diagram.\nIf we select Class1 in the diagram, an unhandled exception occurs.",
    "LastUpdatedDate": "2013-05-15T18:55:42.523-07:00",
    "PlannedForRelease": "",
    "ReleaseVisibleToPublic": false,
    "Priority": {
      "Name": "Low",
      "Severity": 50,
      "Id": 1
    },
    "ProjectName": "xcase",
    "ReportedDate": "2008-12-05T14:43:17.523-08:00",
    "Status": {
      "Name": "Closed",
      "Id": 4
    },
    "ReasonClosed": {
      "Name": "Unassigned"
    },
    "Summary": "Navigator does not work properly on classes in subpackages",
    "Type": {
      "Name": "Issue",
      "Id": 3
    },
    "VoteCount": 1,
    "Id": 2806
  },
  "FileAttachments": [],
  "Comments": [
    {
      "Message": "Associated with changeset 18314.",
      "PostedDate": "2008-12-06T14:07:57.56-08:00",
      "Id": -2147483648
    },
    {
      "Message": "Associated with changeset 18330.",
      "PostedDate": "2008-12-07T11:17:10.627-08:00",
      "Id": -2147483648
    },
    {
      "Message": "",
      "PostedDate": "2008-12-15T12:57:14.06-08:00",
      "Id": -2147483648
    },
    {
      "Message": "",
      "PostedDate": "2013-02-13T13:11:30.26-08:00",
      "Id": -2147483648
    },
    {
      "Message": "",
      "PostedDate": "2013-05-15T18:55:42.523-07:00",
      "Id": -2147483648
    }
  ]
}