{
  "WorkItem": {
    "AffectedComponent": {
      "Name": "",
      "DisplayName": ""
    },
    "ClosedComment": "When I tried it today, it was OK. Somebody must have done something...",
    "ClosedDate": "2008-12-16T06:01:11.897-08:00",
    "CommentCount": 0,
    "Custom": null,
    "Description": "Repro:\n1) Drag PIMClass to PIMDiagram1\n2) Create new PIMDiagram\n3) Drag PIMClass to PIMDiagram2\n4) Click on PIMDiagram1\n5) Try to drag new PIMClass to PIMDiagram1 - switched back to PIMDiagram2",
    "LastUpdatedDate": "2013-05-15T18:55:43.86-07:00",
    "PlannedForRelease": "",
    "ReleaseVisibleToPublic": false,
    "Priority": {
      "Name": "High",
      "Severity": 150,
      "Id": 3
    },
    "ProjectName": "xcase",
    "ReportedDate": "2008-12-03T03:36:37.88-08:00",
    "Status": {
      "Name": "Closed",
      "Id": 4
    },
    "ReasonClosed": {
      "Name": "Unassigned"
    },
    "Summary": "In certain cases when AddClass is clicked on, diagram is changed without reason",
    "Type": {
      "Name": "Issue",
      "Id": 3
    },
    "VoteCount": 1,
    "Id": 2787
  },
  "FileAttachments": [],
  "Comments": [
    {
      "Message": "Well, I am not sure, but it really looked like an issue caused by Navigator window....",
      "PostedDate": "2008-12-04T11:22:27.667-08:00",
      "Id": -2147483648
    },
    {
      "Message": "This and similar bugs are becoming to be very annoying. Needs to be fixed ASAP.",
      "PostedDate": "2008-12-08T13:04:09.22-08:00",
      "Id": -2147483648
    },
    {
      "Message": "",
      "PostedDate": "2008-12-08T13:04:10.347-08:00",
      "Id": -2147483648
    },
    {
      "Message": "Associated with changeset 18440.",
      "PostedDate": "2008-12-11T09:24:01.587-08:00",
      "Id": -2147483648
    },
    {
      "Message": "",
      "PostedDate": "2008-12-11T09:52:41.203-08:00",
      "Id": -2147483648
    },
    {
      "Message": "It doesn't do this anymore. If something else will come up, separate Issue needs to be created\r\n\r\n** Closed by Kuba 12/11/2008 9:52 AM",
      "PostedDate": "2008-12-11T23:54:44.897-08:00",
      "Id": -2147483648
    },
    {
      "Message": "And it does that again",
      "PostedDate": "2008-12-11T23:54:46.303-08:00",
      "Id": -2147483648
    },
    {
      "Message": "It worked for a moment, then another updates came and its wrong again",
      "PostedDate": "2008-12-11T23:55:16.177-08:00",
      "Id": -2147483648
    },
    {
      "Message": "",
      "PostedDate": "2008-12-11T23:55:16.88-08:00",
      "Id": -2147483648
    },
    {
      "Message": "",
      "PostedDate": "2008-12-16T06:01:11.897-08:00",
      "Id": -2147483648
    },
    {
      "Message": "",
      "PostedDate": "2013-02-13T13:11:31.983-08:00",
      "Id": -2147483648
    },
    {
      "Message": "",
      "PostedDate": "2013-05-15T18:55:43.86-07:00",
      "Id": -2147483648
    }
  ]
}