{
  "WorkItem": {
    "AffectedComponent": {
      "Name": "View",
      "DisplayName": "View"
    },
    "ClosedComment": "Working, closed.",
    "ClosedDate": "2008-12-05T01:14:08.997-08:00",
    "CommentCount": 0,
    "Custom": null,
    "Description": "Automatic layouting hierarchies in trees (forests)",
    "LastUpdatedDate": "2013-05-15T18:56:01.233-07:00",
    "PlannedForRelease": "",
    "ReleaseVisibleToPublic": false,
    "Priority": {
      "Name": "Medium",
      "Severity": 100,
      "Id": 2
    },
    "ProjectName": "xcase",
    "ReportedDate": "2008-10-09T04:12:28.907-07:00",
    "Status": {
      "Name": "Closed",
      "Id": 4
    },
    "ReasonClosed": {
      "Name": "Unassigned"
    },
    "Summary": "Auto-layouting PSM diagrams",
    "Type": {
      "Name": "Feature",
      "Id": 1
    },
    "VoteCount": 2,
    "Id": 2440
  },
  "FileAttachments": [],
  "Comments": [
    {
      "Message": "Associated with changeset 17815.",
      "PostedDate": "2008-11-14T05:32:51.673-08:00",
      "Id": -2147483648
    },
    {
      "Message": "Associated with changeset 17899.",
      "PostedDate": "2008-11-18T00:54:52.383-08:00",
      "Id": -2147483648
    },
    {
      "Message": "Associated with changeset 17994.",
      "PostedDate": "2008-11-22T11:26:59.107-08:00",
      "Id": -2147483648
    },
    {
      "Message": "Associated with changeset 18110.",
      "PostedDate": "2008-11-29T03:21:00.643-08:00",
      "Id": -2147483648
    },
    {
      "Message": "",
      "PostedDate": "2008-12-05T01:14:08.997-08:00",
      "Id": -2147483648
    },
    {
      "Message": "",
      "PostedDate": "2013-02-13T13:11:53.14-08:00",
      "Id": -2147483648
    },
    {
      "Message": "",
      "PostedDate": "2013-05-15T18:56:01.233-07:00",
      "Id": -2147483648
    }
  ]
}