{
  "WorkItem": {
    "AffectedComponent": {
      "Name": "",
      "DisplayName": ""
    },
    "ClosedComment": "",
    "ClosedDate": "2008-12-02T12:50:36.663-08:00",
    "CommentCount": 0,
    "Custom": null,
    "Description": "Cyclic inheritance should be disallowed. Should it be in the model? In Controller?",
    "LastUpdatedDate": "2017-12-08T02:11:58.037-08:00",
    "PlannedForRelease": "",
    "ReleaseVisibleToPublic": false,
    "Priority": {
      "Name": "High",
      "Severity": 150,
      "Id": 3
    },
    "ProjectName": "xcase",
    "ReportedDate": "2008-12-02T04:29:58.147-08:00",
    "Status": {
      "Name": "Closed",
      "Id": 4
    },
    "ReasonClosed": {
      "Name": "Unassigned"
    },
    "Summary": "Cyclic inheritance",
    "Type": {
      "Name": "Issue",
      "Id": 3
    },
    "VoteCount": 1,
    "Id": 2772
  },
  "FileAttachments": [],
  "Comments": [
    {
      "Message": "Resolved with changeset 18190.",
      "PostedDate": "2008-12-02T12:50:36.663-08:00",
      "Id": -2147483648
    },
    {
      "Message": "",
      "PostedDate": "2013-02-13T13:11:33.383-08:00",
      "Id": -2147483648
    },
    {
      "Message": "",
      "PostedDate": "2013-05-15T18:55:45.007-07:00",
      "Id": -2147483648
    },
    {
      "Message": "",
      "PostedDate": "2017-12-08T02:11:58.037-08:00",
      "Id": -2147483648
    }
  ]
}