{
  "WorkItem": {
    "AffectedComponent": {
      "Name": "",
      "DisplayName": ""
    },
    "ClosedComment": "",
    "ClosedDate": "2008-12-15T06:27:39.323-08:00",
    "CommentCount": 0,
    "Custom": null,
    "Description": "Multiplicity/Role labels of PIM Association should be connected to AssociationEnd instead of the center of the association, so that they don't get mixed up.",
    "LastUpdatedDate": "2017-12-08T02:15:54.603-08:00",
    "PlannedForRelease": "",
    "ReleaseVisibleToPublic": false,
    "Priority": {
      "Name": "Low",
      "Severity": 50,
      "Id": 1
    },
    "ProjectName": "xcase",
    "ReportedDate": "2008-12-15T01:23:04.833-08:00",
    "Status": {
      "Name": "Closed",
      "Id": 4
    },
    "ReasonClosed": {
      "Name": "Unassigned"
    },
    "Summary": "Multiplicity/Role labels of PIM Association should be connected to AssociationEnd",
    "Type": {
      "Name": "Issue",
      "Id": 3
    },
    "VoteCount": 1,
    "Id": 2855
  },
  "FileAttachments": [],
  "Comments": [
    {
      "Message": "I am going to leave it as it is, connecting to the line looks batter and if the user really gets the labels mixed up somehow, he can always use the \"Reset labels positions\" command from association context menu.",
      "PostedDate": "2008-12-15T06:27:35.98-08:00",
      "Id": -2147483648
    },
    {
      "Message": "",
      "PostedDate": "2008-12-15T06:27:39.323-08:00",
      "Id": -2147483648
    },
    {
      "Message": "",
      "PostedDate": "2013-02-13T13:11:25.527-08:00",
      "Id": -2147483648
    },
    {
      "Message": "",
      "PostedDate": "2013-05-15T18:55:38.897-07:00",
      "Id": -2147483648
    },
    {
      "Message": "",
      "PostedDate": "2017-12-08T02:15:54.603-08:00",
      "Id": -2147483648
    }
  ]
}