{
  "WorkItem": {
    "AffectedComponent": {
      "Name": "Controller",
      "DisplayName": "Controller"
    },
    "ClosedComment": "",
    "ClosedDate": "2008-11-14T03:29:35.597-08:00",
    "CommentCount": 0,
    "Custom": null,
    "Description": "When a PSM class has no attributes, Creating a attributecontainer results in a dialog with no attributes to choose and a empty attributecontainer.",
    "LastUpdatedDate": "2017-12-08T02:15:51.08-08:00",
    "PlannedForRelease": "",
    "ReleaseVisibleToPublic": false,
    "Priority": {
      "Name": "Medium",
      "Severity": 100,
      "Id": 2
    },
    "ProjectName": "xcase",
    "ReportedDate": "2008-11-12T13:41:42.99-08:00",
    "Status": {
      "Name": "Closed",
      "Id": 4
    },
    "ReasonClosed": {
      "Name": "Unassigned"
    },
    "Summary": "Empty AttributeContainer creation when no attributes available",
    "Type": {
      "Name": "Issue",
      "Id": 3
    },
    "VoteCount": 1,
    "Id": 2572
  },
  "FileAttachments": [],
  "Comments": [
    {
      "Message": "Resolved with changeset 17812.",
      "PostedDate": "2008-11-14T03:29:35.597-08:00",
      "Id": -2147483648
    },
    {
      "Message": "",
      "PostedDate": "2013-02-13T13:11:47.65-08:00",
      "Id": -2147483648
    },
    {
      "Message": "",
      "PostedDate": "2013-05-15T18:55:56.713-07:00",
      "Id": -2147483648
    },
    {
      "Message": "",
      "PostedDate": "2017-12-08T02:15:51.08-08:00",
      "Id": -2147483648
    }
  ]
}