{
  "WorkItem": {
    "AffectedComponent": {
      "Name": "View",
      "DisplayName": "View"
    },
    "ClosedComment": "",
    "ClosedDate": "2008-11-18T00:54:51.413-08:00",
    "CommentCount": 0,
    "Custom": null,
    "Description": "Diagram tree is not refreshed after pressing Move to left and Move to right buttons.",
    "LastUpdatedDate": "2013-05-15T18:55:57.553-07:00",
    "PlannedForRelease": "",
    "ReleaseVisibleToPublic": false,
    "Priority": {
      "Name": "Low",
      "Severity": 50,
      "Id": 1
    },
    "ProjectName": "xcase",
    "ReportedDate": "2008-11-10T09:12:18.06-08:00",
    "Status": {
      "Name": "Closed",
      "Id": 4
    },
    "ReasonClosed": {
      "Name": "Unassigned"
    },
    "Summary": "Move to left/move to right and layouting",
    "Type": {
      "Name": "Issue",
      "Id": 3
    },
    "VoteCount": 1,
    "Id": 2561
  },
  "FileAttachments": [],
  "Comments": [
    {
      "Message": "Associated with changeset 17815.",
      "PostedDate": "2008-11-14T05:32:49.567-08:00",
      "Id": -2147483648
    },
    {
      "Message": "Resolved with changeset 17899.",
      "PostedDate": "2008-11-18T00:54:51.413-08:00",
      "Id": -2147483648
    },
    {
      "Message": "",
      "PostedDate": "2013-02-13T13:11:48.73-08:00",
      "Id": -2147483648
    },
    {
      "Message": "",
      "PostedDate": "2013-05-15T18:55:57.553-07:00",
      "Id": -2147483648
    }
  ]
}