{
  "WorkItem": {
    "AffectedComponent": {
      "Name": "",
      "DisplayName": ""
    },
    "ClosedComment": "",
    "ClosedDate": "2008-11-13T03:16:26.203-08:00",
    "CommentCount": 0,
    "Custom": null,
    "Description": "Create a set of adapters of the nUML library elements for the UML class diagrams manipulation.\nThe objects will form a stand-alone class library. The library represents the \"model\" part of the model / view / controller pattern.",
    "LastUpdatedDate": "2017-12-08T02:11:54.823-08:00",
    "PlannedForRelease": "",
    "ReleaseVisibleToPublic": false,
    "Priority": {
      "Name": "Unassigned",
      "Severity": 0,
      "Id": 0
    },
    "ProjectName": "xcase",
    "ReportedDate": "2008-06-05T08:47:09.987-07:00",
    "Status": {
      "Name": "Closed",
      "Id": 4
    },
    "ReasonClosed": {
      "Name": "Unassigned"
    },
    "Summary": "UML model manipulation library",
    "Type": {
      "Name": "Feature",
      "Id": 1
    },
    "VoteCount": 1,
    "Id": 1218
  },
  "FileAttachments": [],
  "Comments": [
    {
      "Message": "- Code is enclosed in the UMLModel project",
      "PostedDate": "2008-06-05T08:47:09.987-07:00",
      "Id": -2147483648
    },
    {
      "Message": "",
      "PostedDate": "2008-06-05T08:47:56.677-07:00",
      "Id": -2147483648
    },
    {
      "Message": "Associated with changeset 11274.",
      "PostedDate": "2008-07-02T06:48:14.647-07:00",
      "Id": -2147483648
    },
    {
      "Message": "Associated with changeset 11304.",
      "PostedDate": "2008-07-03T01:36:11.31-07:00",
      "Id": -2147483648
    },
    {
      "Message": "Associated with changeset 13908.",
      "PostedDate": "2008-08-06T02:29:49.98-07:00",
      "Id": -2147483648
    },
    {
      "Message": "",
      "PostedDate": "2008-10-09T06:17:08.267-07:00",
      "Id": -2147483648
    },
    {
      "Message": "Associated with changeset 17036.",
      "PostedDate": "2008-10-11T02:19:21.17-07:00",
      "Id": -2147483648
    },
    {
      "Message": "Associated with changeset 17045.",
      "PostedDate": "2008-10-12T01:36:31.137-07:00",
      "Id": -2147483648
    },
    {
      "Message": "Associated with changeset 17179.",
      "PostedDate": "2008-10-15T13:33:15.053-07:00",
      "Id": -2147483648
    },
    {
      "Message": "Associated with changeset 17216.",
      "PostedDate": "2008-10-17T04:42:34.263-07:00",
      "Id": -2147483648
    },
    {
      "Message": "Associated with changeset 17401.",
      "PostedDate": "2008-10-25T04:10:32.933-07:00",
      "Id": -2147483648
    },
    {
      "Message": "Associated with changeset 17418.",
      "PostedDate": "2008-10-26T04:45:12.217-07:00",
      "Id": -2147483648
    },
    {
      "Message": "Associated with changeset 17423.",
      "PostedDate": "2008-10-26T08:41:19.047-07:00",
      "Id": -2147483648
    },
    {
      "Message": "Associated with changeset 17531.",
      "PostedDate": "2008-10-31T04:47:49.857-07:00",
      "Id": -2147483648
    },
    {
      "Message": "Associated with changeset 17541.",
      "PostedDate": "2008-11-01T06:49:36.08-07:00",
      "Id": -2147483648
    },
    {
      "Message": "Associated with changeset 17543.",
      "PostedDate": "2008-11-01T10:13:03.033-07:00",
      "Id": -2147483648
    },
    {
      "Message": "Associated with changeset 17649.",
      "PostedDate": "2008-11-06T06:09:10.827-08:00",
      "Id": -2147483648
    },
    {
      "Message": "",
      "PostedDate": "2008-11-13T03:16:26.203-08:00",
      "Id": -2147483648
    },
    {
      "Message": "",
      "PostedDate": "2013-02-13T13:11:56.587-08:00",
      "Id": -2147483648
    },
    {
      "Message": "",
      "PostedDate": "2013-05-15T18:56:03.947-07:00",
      "Id": -2147483648
    },
    {
      "Message": "",
      "PostedDate": "2017-12-08T02:11:54.823-08:00",
      "Id": -2147483648
    }
  ]
}