{
  "WorkItem": {
    "AffectedComponent": {
      "Name": "Controller",
      "DisplayName": "Controller"
    },
    "ClosedComment": "",
    "ClosedDate": "2008-12-15T12:30:43.847-08:00",
    "CommentCount": 0,
    "Custom": null,
    "Description": "Leave out attribute container does not work when AC is deeper in subtree.",
    "LastUpdatedDate": "2017-12-08T02:15:54.72-08:00",
    "PlannedForRelease": "",
    "ReleaseVisibleToPublic": false,
    "Priority": {
      "Name": "High",
      "Severity": 150,
      "Id": 3
    },
    "ProjectName": "xcase",
    "ReportedDate": "2008-12-15T06:28:32.01-08:00",
    "Status": {
      "Name": "Closed",
      "Id": 4
    },
    "ReasonClosed": {
      "Name": "Unassigned"
    },
    "Summary": "Leave out attribute container does not work when AC is deeper in subtree.",
    "Type": {
      "Name": "Issue",
      "Id": 3
    },
    "VoteCount": 0,
    "Id": 2857
  },
  "FileAttachments": [],
  "Comments": [
    {
      "Message": "Resolved with changeset 19044.",
      "PostedDate": "2008-12-15T12:30:43.847-08:00",
      "Id": -2147483648
    },
    {
      "Message": "",
      "PostedDate": "2013-02-13T13:11:25.353-08:00",
      "Id": -2147483648
    },
    {
      "Message": "",
      "PostedDate": "2013-05-15T18:55:38.75-07:00",
      "Id": -2147483648
    },
    {
      "Message": "",
      "PostedDate": "2017-12-08T02:15:54.72-08:00",
      "Id": -2147483648
    }
  ]
}