{
  "WorkItem": {
    "AffectedComponent": {
      "Name": "",
      "DisplayName": ""
    },
    "ClosedComment": "",
    "ClosedDate": "2008-12-02T03:32:07.247-08:00",
    "CommentCount": 0,
    "Custom": null,
    "Description": "Adding PSM Attributes should offer inherited PIM attributes",
    "LastUpdatedDate": "2017-12-08T02:07:39.93-08:00",
    "PlannedForRelease": "",
    "ReleaseVisibleToPublic": false,
    "Priority": {
      "Name": "Low",
      "Severity": 50,
      "Id": 1
    },
    "ProjectName": "xcase",
    "ReportedDate": "2008-12-02T01:36:43.557-08:00",
    "Status": {
      "Name": "Closed",
      "Id": 4
    },
    "ReasonClosed": {
      "Name": "Unassigned"
    },
    "Summary": "Adding PSM Attributes should offer inherited PIM attributes",
    "Type": {
      "Name": "Feature",
      "Id": 1
    },
    "VoteCount": 1,
    "Id": 2770
  },
  "FileAttachments": [],
  "Comments": [
    {
      "Message": "Resolved with changeset 18179.",
      "PostedDate": "2008-12-02T03:32:07.247-08:00",
      "Id": -2147483648
    },
    {
      "Message": "",
      "PostedDate": "2013-02-13T13:11:33.733-08:00",
      "Id": -2147483648
    },
    {
      "Message": "",
      "PostedDate": "2013-05-15T18:55:45.33-07:00",
      "Id": -2147483648
    },
    {
      "Message": "",
      "PostedDate": "2017-12-08T02:07:39.93-08:00",
      "Id": -2147483648
    }
  ]
}