{
  "WorkItem": {
    "AffectedComponent": {
      "Name": "Controller",
      "DisplayName": "Controller"
    },
    "ClosedComment": "",
    "ClosedDate": "2008-11-27T04:37:36.623-08:00",
    "CommentCount": 0,
    "Custom": null,
    "Description": "+ include operation editing in Class dialog.",
    "LastUpdatedDate": "2013-05-15T18:55:51.693-07:00",
    "PlannedForRelease": "",
    "ReleaseVisibleToPublic": false,
    "Priority": {
      "Name": "Low",
      "Severity": 50,
      "Id": 1
    },
    "ProjectName": "xcase",
    "ReportedDate": "2008-11-23T11:30:08.59-08:00",
    "Status": {
      "Name": "Closed",
      "Id": 4
    },
    "ReasonClosed": {
      "Name": "Unassigned"
    },
    "Summary": "Dialog window for Operation and PSMOperation",
    "Type": {
      "Name": "Feature",
      "Id": 1
    },
    "VoteCount": 0,
    "Id": 2697
  },
  "FileAttachments": [],
  "Comments": [
    {
      "Message": "There is no PSMOperation :)",
      "PostedDate": "2008-11-25T12:54:27.907-08:00",
      "Id": -2147483648
    },
    {
      "Message": "Resolved with changeset 18081.",
      "PostedDate": "2008-11-27T04:37:36.623-08:00",
      "Id": -2147483648
    },
    {
      "Message": "",
      "PostedDate": "2013-02-13T13:11:42.12-08:00",
      "Id": -2147483648
    },
    {
      "Message": "",
      "PostedDate": "2013-05-15T18:55:51.693-07:00",
      "Id": -2147483648
    }
  ]
}