{
  "WorkItem": {
    "AffectedComponent": {
      "Name": "View",
      "DisplayName": "View"
    },
    "ClosedComment": "",
    "ClosedDate": "2009-10-12T12:50:40.713-07:00",
    "CommentCount": 0,
    "Custom": null,
    "Description": "Structural Representative displays represented PIM class instead of represented PSM class",
    "LastUpdatedDate": "2017-12-08T02:07:41.43-08:00",
    "PlannedForRelease": "XCase 1.0.4",
    "ReleaseVisibleToPublic": true,
    "Priority": {
      "Name": "Medium",
      "Severity": 100,
      "Id": 2
    },
    "ProjectName": "xcase",
    "ReportedDate": "2009-07-18T01:58:51.707-07:00",
    "Status": {
      "Name": "Closed",
      "Id": 4
    },
    "ReasonClosed": {
      "Name": "Unassigned"
    },
    "Summary": "Structural Representative displays represented PIM class instead of represented PSM class",
    "Type": {
      "Name": "Issue",
      "Id": 3
    },
    "VoteCount": 1,
    "Id": 3864
  },
  "FileAttachments": [],
  "Comments": [
    {
      "Message": "Resolved with changeset 31764.",
      "PostedDate": "2009-10-12T12:50:40.713-07:00",
      "Id": -2147483648
    },
    {
      "Message": "",
      "PostedDate": "2013-02-13T13:11:22.793-08:00",
      "Id": -2147483648
    },
    {
      "Message": "",
      "PostedDate": "2013-05-15T18:55:36.08-07:00",
      "Id": -2147483648
    },
    {
      "Message": "",
      "PostedDate": "2017-12-08T02:07:41.43-08:00",
      "Id": -2147483648
    }
  ]
}