{
  "WorkItem": {
    "AffectedComponent": {
      "Name": "",
      "DisplayName": ""
    },
    "ClosedComment": "Fixed by Trupik",
    "ClosedDate": "2008-12-05T01:28:04.04-08:00",
    "CommentCount": 0,
    "Custom": null,
    "Description": "PSMClass rename issue demonstrated today",
    "LastUpdatedDate": "2013-05-15T18:55:43.19-07:00",
    "PlannedForRelease": "",
    "ReleaseVisibleToPublic": false,
    "Priority": {
      "Name": "Medium",
      "Severity": 100,
      "Id": 2
    },
    "ProjectName": "xcase",
    "ReportedDate": "2008-12-04T01:45:27.553-08:00",
    "Status": {
      "Name": "Closed",
      "Id": 4
    },
    "ReasonClosed": {
      "Name": "Unassigned"
    },
    "Summary": "PSMClass rename issue",
    "Type": {
      "Name": "Issue",
      "Id": 3
    },
    "VoteCount": 1,
    "Id": 2799
  },
  "FileAttachments": [],
  "Comments": []
}