{
  "WorkItem": {
    "AffectedComponent": {
      "Name": "View",
      "DisplayName": "View"
    },
    "ClosedComment": "",
    "ClosedDate": "2008-11-22T11:26:56.2-08:00",
    "CommentCount": 0,
    "Custom": null,
    "Description": "Layouting does not count int generalizations in PSM diagrams.",
    "LastUpdatedDate": "2013-05-15T18:55:53.173-07:00",
    "PlannedForRelease": "",
    "ReleaseVisibleToPublic": false,
    "Priority": {
      "Name": "Low",
      "Severity": 50,
      "Id": 1
    },
    "ProjectName": "xcase",
    "ReportedDate": "2008-11-18T06:29:39.15-08:00",
    "Status": {
      "Name": "Closed",
      "Id": 4
    },
    "ReasonClosed": {
      "Name": "Unassigned"
    },
    "Summary": "Generalizations and tree-layouting",
    "Type": {
      "Name": "Feature",
      "Id": 1
    },
    "VoteCount": 0,
    "Id": 2645
  },
  "FileAttachments": [],
  "Comments": [
    {
      "Message": "Resolved with changeset 17994.",
      "PostedDate": "2008-11-22T11:26:56.2-08:00",
      "Id": -2147483648
    },
    {
      "Message": "",
      "PostedDate": "2013-02-13T13:11:43.873-08:00",
      "Id": -2147483648
    },
    {
      "Message": "",
      "PostedDate": "2013-05-15T18:55:53.173-07:00",
      "Id": -2147483648
    }
  ]
}