{
  "WorkItem": {
    "AffectedComponent": {
      "Name": "User interface",
      "DisplayName": "User interface"
    },
    "ClosedComment": "",
    "ClosedDate": "2008-11-14T03:12:37.667-08:00",
    "CommentCount": 0,
    "Custom": null,
    "Description": "",
    "LastUpdatedDate": "2017-12-08T02:15:51.25-08:00",
    "PlannedForRelease": "",
    "ReleaseVisibleToPublic": false,
    "Priority": {
      "Name": "High",
      "Severity": 150,
      "Id": 3
    },
    "ProjectName": "xcase",
    "ReportedDate": "2008-11-13T02:52:29.853-08:00",
    "Status": {
      "Name": "Closed",
      "Id": 4
    },
    "ReasonClosed": {
      "Name": "Unassigned"
    },
    "Summary": "Primitive types don't show in property dialog",
    "Type": {
      "Name": "Issue",
      "Id": 3
    },
    "VoteCount": 0,
    "Id": 2589
  },
  "FileAttachments": [],
  "Comments": [
    {
      "Message": "Associated with changeset 17809.",
      "PostedDate": "2008-11-14T02:03:23.503-08:00",
      "Id": -2147483648
    },
    {
      "Message": "Resolved with changeset 17811.",
      "PostedDate": "2008-11-14T03:12:37.667-08:00",
      "Id": -2147483648
    },
    {
      "Message": "",
      "PostedDate": "2013-05-15T18:55:55.867-07:00",
      "Id": -2147483648
    },
    {
      "Message": "",
      "PostedDate": "2017-12-08T02:15:51.25-08:00",
      "Id": -2147483648
    }
  ]
}