{
  "WorkItem": {
    "AffectedComponent": {
      "Name": "",
      "DisplayName": ""
    },
    "ClosedComment": "fixed",
    "ClosedDate": "2008-10-24T05:01:51.523-07:00",
    "CommentCount": 0,
    "Custom": null,
    "Description": "XML output is not valid, <datatype> element has two ids.",
    "LastUpdatedDate": "2013-05-15T18:55:59.427-07:00",
    "PlannedForRelease": "",
    "ReleaseVisibleToPublic": false,
    "Priority": {
      "Name": "Medium",
      "Severity": 100,
      "Id": 2
    },
    "ProjectName": "xcase",
    "ReportedDate": "2008-10-24T04:12:26.76-07:00",
    "Status": {
      "Name": "Closed",
      "Id": 4
    },
    "ReasonClosed": {
      "Name": "Unassigned"
    },
    "Summary": "XCase XML output not valid",
    "Type": {
      "Name": "Issue",
      "Id": 3
    },
    "VoteCount": 1,
    "Id": 2508
  },
  "FileAttachments": [],
  "Comments": []
}