{
  "WorkItem": {
    "AffectedComponent": {
      "Name": "",
      "DisplayName": ""
    },
    "ClosedComment": "",
    "ClosedDate": "2008-10-11T02:21:26.513-07:00",
    "CommentCount": 0,
    "Custom": null,
    "Description": "Create events informing about the addition of a new element to the diagram.\nThe event arguments has to hold also the visualization data. They will be used on loading the diagram from a file or when the user for example drags a class onto diagram and thus defines its coordinates before its actual creation.",
    "LastUpdatedDate": "2017-12-08T02:11:55.26-08:00",
    "PlannedForRelease": "",
    "ReleaseVisibleToPublic": false,
    "Priority": {
      "Name": "Unassigned",
      "Severity": 0,
      "Id": 0
    },
    "ProjectName": "xcase",
    "ReportedDate": "2008-06-13T03:50:57.507-07:00",
    "Status": {
      "Name": "Closed",
      "Id": 4
    },
    "ReasonClosed": {
      "Name": "Unassigned"
    },
    "Summary": "Diagram events",
    "Type": {
      "Name": "Task",
      "Id": 2
    },
    "VoteCount": 1,
    "Id": 1402
  },
  "FileAttachments": [],
  "Comments": [
    {
      "Message": "Associated with changeset 11274.",
      "PostedDate": "2008-07-02T06:48:15.977-07:00",
      "Id": -2147483648
    },
    {
      "Message": "Associated with changeset 11417.",
      "PostedDate": "2008-07-05T03:36:38.107-07:00",
      "Id": -2147483648
    },
    {
      "Message": "Associated with changeset 11506.",
      "PostedDate": "2008-07-07T04:36:03.22-07:00",
      "Id": -2147483648
    },
    {
      "Message": "Associated with changeset 14912.",
      "PostedDate": "2008-08-25T07:53:32.017-07:00",
      "Id": -2147483648
    },
    {
      "Message": "Associated with changeset 15840.",
      "PostedDate": "2008-09-13T02:43:44.99-07:00",
      "Id": -2147483648
    },
    {
      "Message": "Associated with changeset 16253.",
      "PostedDate": "2008-09-19T00:10:26.823-07:00",
      "Id": -2147483648
    },
    {
      "Message": "Associated with changeset 16665.",
      "PostedDate": "2008-09-28T23:51:28.31-07:00",
      "Id": -2147483648
    },
    {
      "Message": "Associated with changeset 16934.",
      "PostedDate": "2008-10-08T05:38:59.273-07:00",
      "Id": -2147483648
    },
    {
      "Message": "",
      "PostedDate": "2008-10-09T06:14:53.69-07:00",
      "Id": -2147483648
    },
    {
      "Message": "",
      "PostedDate": "2008-10-11T02:21:26.513-07:00",
      "Id": -2147483648
    },
    {
      "Message": "",
      "PostedDate": "2013-02-13T13:11:55.697-08:00",
      "Id": -2147483648
    },
    {
      "Message": "",
      "PostedDate": "2013-05-15T18:56:03.243-07:00",
      "Id": -2147483648
    },
    {
      "Message": "",
      "PostedDate": "2017-12-08T02:11:55.26-08:00",
      "Id": -2147483648
    }
  ]
}