{
  "WorkItem": {
    "AffectedComponent": {
      "Name": "Controller",
      "DisplayName": "Controller"
    },
    "ClosedComment": "",
    "ClosedDate": "2008-12-02T12:17:42.63-08:00",
    "CommentCount": 0,
    "Custom": null,
    "Description": "Leave out AttributeContainer not working when AC contains pimless attributes",
    "LastUpdatedDate": "2017-12-08T02:11:57.727-08:00",
    "PlannedForRelease": "",
    "ReleaseVisibleToPublic": false,
    "Priority": {
      "Name": "Medium",
      "Severity": 100,
      "Id": 2
    },
    "ProjectName": "xcase",
    "ReportedDate": "2008-11-30T13:18:56.22-08:00",
    "Status": {
      "Name": "Closed",
      "Id": 4
    },
    "ReasonClosed": {
      "Name": "Unassigned"
    },
    "Summary": "Leave out AttributeContainer not working when AC contains pimless attributes",
    "Type": {
      "Name": "Issue",
      "Id": 3
    },
    "VoteCount": 0,
    "Id": 2749
  },
  "FileAttachments": [],
  "Comments": [
    {
      "Message": "Resolved with changeset 18188.",
      "PostedDate": "2008-12-02T12:03:40.133-08:00",
      "Id": -2147483648
    },
    {
      "Message": "",
      "PostedDate": "2008-12-02T12:07:28.35-08:00",
      "Id": -2147483648
    },
    {
      "Message": "Resolved with changeset 18189.",
      "PostedDate": "2008-12-02T12:17:42.63-08:00",
      "Id": -2147483648
    },
    {
      "Message": "",
      "PostedDate": "2013-02-13T13:11:35.4-08:00",
      "Id": -2147483648
    },
    {
      "Message": "",
      "PostedDate": "2013-05-15T18:55:46.743-07:00",
      "Id": -2147483648
    },
    {
      "Message": "",
      "PostedDate": "2017-12-08T02:11:57.727-08:00",
      "Id": -2147483648
    }
  ]
}