{
  "WorkItem": {
    "AffectedComponent": {
      "Name": "Model",
      "DisplayName": "Model"
    },
    "ClosedComment": "",
    "ClosedDate": "2008-11-25T12:21:27.2-08:00",
    "CommentCount": 0,
    "Custom": null,
    "Description": "RemoveMeFromModel() does not remove PIMCLASS nor ASSOCIATION from the model.",
    "LastUpdatedDate": "2017-12-08T02:11:57.047-08:00",
    "PlannedForRelease": "",
    "ReleaseVisibleToPublic": false,
    "Priority": {
      "Name": "High",
      "Severity": 150,
      "Id": 3
    },
    "ProjectName": "xcase",
    "ReportedDate": "2008-11-24T14:22:19.28-08:00",
    "Status": {
      "Name": "Closed",
      "Id": 4
    },
    "ReasonClosed": {
      "Name": "Unassigned"
    },
    "Summary": "RemoveMeFromModel() not functional",
    "Type": {
      "Name": "Issue",
      "Id": 3
    },
    "VoteCount": 1,
    "Id": 2705
  },
  "FileAttachments": [],
  "Comments": [
    {
      "Message": "Resolved with changeset 18053.",
      "PostedDate": "2008-11-25T12:21:27.2-08:00",
      "Id": -2147483648
    },
    {
      "Message": "",
      "PostedDate": "2013-02-13T13:11:41.957-08:00",
      "Id": -2147483648
    },
    {
      "Message": "",
      "PostedDate": "2013-05-15T18:55:51.55-07:00",
      "Id": -2147483648
    },
    {
      "Message": "",
      "PostedDate": "2017-12-08T02:11:57.047-08:00",
      "Id": -2147483648
    }
  ]
}