{
  "WorkItem": {
    "AffectedComponent": {
      "Name": "Reverse",
      "DisplayName": "Reverse"
    },
    "ClosedComment": "",
    "ClosedDate": null,
    "CommentCount": 0,
    "Custom": null,
    "Description": "After importing 620-optionsnominationresponse-v5-0.xsd:\n \nType EMLstructure (base type for EML):\n - second attribute container (SequenceNumber, NumberInSequence, SequenceElementName) should be optional (seqence with minOccurs=\"0\")\n - elements MessageLanguage, RequestedresponseLanguage missing completeely\n - IssueDate element missing \n \nType EML (derived from EMLstructure)\n - adds only OptionsNominationResponse, yet all members inherited from EMLstructure are listed again (TransactionId..., SequenceNumber..., AdditionalValidation...)\n \nType IncomingGenericCommunicationStructure\n - classes EventIdentifier, ElectionIdentifier, ContestIdentifier should have element labels (this type of error occurs frequently also in other types)\n \nType VoterInformationStructure\n - element contact does not declare attribute ElectionId \n - element Qualifier is missing\n - element CheckBox does not declare attribute Type\n - element Eligibility is missing\n \netc...",
    "LastUpdatedDate": "2017-12-08T02:07:42.593-08:00",
    "PlannedForRelease": "",
    "ReleaseVisibleToPublic": false,
    "Priority": {
      "Name": "Medium",
      "Severity": 100,
      "Id": 2
    },
    "ProjectName": "xcase",
    "ReportedDate": "2010-07-31T10:06:04.857-07:00",
    "Status": {
      "Name": "Active",
      "Id": 2
    },
    "ReasonClosed": {
      "Name": "Unassigned"
    },
    "Summary": "Errors in reverese engineering",
    "Type": {
      "Name": "Issue",
      "Id": 3
    },
    "VoteCount": 1,
    "Id": 6868
  },
  "FileAttachments": [
    {
      "FileId": 2259,
      "FileName": "EML-v5.0-os.zip",
      "DownloadUrl": ".\\2259"
    }
  ],
  "Comments": []
}