{
  "WorkItem": {
    "AffectedComponent": {
      "Name": "",
      "DisplayName": ""
    },
    "ClosedComment": "This became a feature",
    "ClosedDate": "2008-11-13T03:32:55.917-08:00",
    "CommentCount": 0,
    "Custom": null,
    "Description": "Attributes moved to attributecontainer can be added again to the base class which should not be possible.",
    "LastUpdatedDate": "2013-05-15T18:55:58.5-07:00",
    "PlannedForRelease": "",
    "ReleaseVisibleToPublic": false,
    "Priority": {
      "Name": "Medium",
      "Severity": 100,
      "Id": 2
    },
    "ProjectName": "xcase",
    "ReportedDate": "2008-11-01T13:54:50.767-07:00",
    "Status": {
      "Name": "Closed",
      "Id": 4
    },
    "ReasonClosed": {
      "Name": "Unassigned"
    },
    "Summary": "Attributes in AttributeContainer can be added again to the base class",
    "Type": {
      "Name": "Issue",
      "Id": 3
    },
    "VoteCount": 1,
    "Id": 2535
  },
  "FileAttachments": [],
  "Comments": []
}