{
  "WorkItem": {
    "AffectedComponent": {
      "Name": "",
      "DisplayName": ""
    },
    "ClosedComment": "Closed. The Remove AssociationClass from Navigator issue re-opened.",
    "ClosedDate": "2008-12-10T13:53:19.357-08:00",
    "CommentCount": 0,
    "Custom": null,
    "Description": "Try to derive a PSM class from an Association class.\n \n_AssociationClass.cs:\nLine 192:  package.PSMClasses.Add(psm);\n \npackage = NULL",
    "LastUpdatedDate": "2013-05-15T18:55:42.397-07:00",
    "PlannedForRelease": "",
    "ReleaseVisibleToPublic": false,
    "Priority": {
      "Name": "High",
      "Severity": 150,
      "Id": 3
    },
    "ProjectName": "xcase",
    "ReportedDate": "2008-12-06T07:59:42.597-08:00",
    "Status": {
      "Name": "Closed",
      "Id": 4
    },
    "ReasonClosed": {
      "Name": "Unassigned"
    },
    "Summary": "Cannot derive PSM class from AssociationClass [exception]",
    "Type": {
      "Name": "Issue",
      "Id": 3
    },
    "VoteCount": 1,
    "Id": 2811
  },
  "FileAttachments": [],
  "Comments": [
    {
      "Message": "This is caused by the removal of AssociationClasses from the Package.Classes collection. Now I can see that the impact is really high and I have to put them back. Lucka will have to filter the navigator content by other means.",
      "PostedDate": "2008-12-06T23:44:58.867-08:00",
      "Id": -2147483648
    },
    {
      "Message": "",
      "PostedDate": "2008-12-07T00:17:47.903-08:00",
      "Id": -2147483648
    },
    {
      "Message": "",
      "PostedDate": "2008-12-10T13:53:19.357-08:00",
      "Id": -2147483648
    },
    {
      "Message": "",
      "PostedDate": "2013-02-13T13:11:30.08-08:00",
      "Id": -2147483648
    },
    {
      "Message": "",
      "PostedDate": "2013-05-15T18:55:42.397-07:00",
      "Id": -2147483648
    }
  ]
}