{
  "WorkItem": {
    "AffectedComponent": {
      "Name": "",
      "DisplayName": ""
    },
    "ClosedComment": "",
    "ClosedDate": "2008-12-10T04:30:29.99-08:00",
    "CommentCount": 0,
    "Custom": null,
    "Description": "DeletePSMSubtree doesn't check for Structural Representatives, which is causing inconsistencies.\nExample:\nPSMClass1 has child PSMClass2, both derived from the same PIMClass. PSMClass1 is set to be structural representative of PSMClass2 and PSMClass2 is deleted. PSMClass1 stays set to Structural Representative causing crash when clicked on.\n \nThis could be easily fixed if DeleteFromPSMDiagramCommand was a macrocommand since there is a command for setting structural representatives.",
    "LastUpdatedDate": "2017-12-08T02:15:54.307-08:00",
    "PlannedForRelease": "",
    "ReleaseVisibleToPublic": false,
    "Priority": {
      "Name": "Medium",
      "Severity": 100,
      "Id": 2
    },
    "ProjectName": "xcase",
    "ReportedDate": "2008-12-08T13:24:24.963-08:00",
    "Status": {
      "Name": "Closed",
      "Id": 4
    },
    "ReasonClosed": {
      "Name": "Unassigned"
    },
    "Summary": "DeletePSMSubtree doesn't check for Structural Representatives",
    "Type": {
      "Name": "Issue",
      "Id": 3
    },
    "VoteCount": 1,
    "Id": 2824
  },
  "FileAttachments": [],
  "Comments": [
    {
      "Message": "Resolved with changeset 18378.",
      "PostedDate": "2008-12-10T04:30:29.99-08:00",
      "Id": -2147483648
    },
    {
      "Message": "",
      "PostedDate": "2013-02-13T13:11:28.28-08:00",
      "Id": -2147483648
    },
    {
      "Message": "",
      "PostedDate": "2013-05-15T18:55:41-07:00",
      "Id": -2147483648
    },
    {
      "Message": "",
      "PostedDate": "2017-12-08T02:15:54.307-08:00",
      "Id": -2147483648
    }
  ]
}