{
  "WorkItem": {
    "AffectedComponent": {
      "Name": "Model",
      "DisplayName": "Model"
    },
    "ClosedComment": "Fixed (thx Luk for cooperation and changes to model)",
    "ClosedDate": "2008-12-09T13:42:03.513-08:00",
    "CommentCount": 0,
    "Custom": null,
    "Description": "There is some trouble when saving and loading specialization attributes.\n \nCreate classes C1 and C2 with attributes C1.a1 and C2.a2\nSet generalization C1 <- C2\nDerive C1 to PSM\nAdd specialization C2\nselect C2 and click Attributes, both a1 and a2 are offered (i didn't remeber discussing this feature, but it makes sense...)\nwhen a1 and a2 are added to C2 save the project and load it again - exception is thrown",
    "LastUpdatedDate": "2013-05-15T18:55:40.863-07:00",
    "PlannedForRelease": "",
    "ReleaseVisibleToPublic": false,
    "Priority": {
      "Name": "High",
      "Severity": 150,
      "Id": 3
    },
    "ProjectName": "xcase",
    "ReportedDate": "2008-12-08T16:17:17.927-08:00",
    "Status": {
      "Name": "Closed",
      "Id": 4
    },
    "ReasonClosed": {
      "Name": "Unassigned"
    },
    "Summary": "Deserializator - resoring specializations attributes throws exception",
    "Type": {
      "Name": "Issue",
      "Id": 3
    },
    "VoteCount": 0,
    "Id": 2825
  },
  "FileAttachments": [],
  "Comments": []
}