{
  "WorkItem": {
    "AffectedComponent": {
      "Name": "View",
      "DisplayName": "View"
    },
    "ClosedComment": "",
    "ClosedDate": "2008-12-03T01:51:46.963-08:00",
    "CommentCount": 0,
    "Custom": null,
    "Description": "",
    "LastUpdatedDate": "2017-12-08T02:15:53.513-08:00",
    "PlannedForRelease": "",
    "ReleaseVisibleToPublic": false,
    "Priority": {
      "Name": "High",
      "Severity": 150,
      "Id": 3
    },
    "ProjectName": "xcase",
    "ReportedDate": "2008-12-01T23:07:27.35-08:00",
    "Status": {
      "Name": "Closed",
      "Id": 4
    },
    "ReasonClosed": {
      "Name": "Unassigned"
    },
    "Summary": "Association diamond can not be dragged",
    "Type": {
      "Name": "Issue",
      "Id": 3
    },
    "VoteCount": 1,
    "Id": 2769
  },
  "FileAttachments": [],
  "Comments": [
    {
      "Message": "Resolved with changeset 18206.",
      "PostedDate": "2008-12-03T01:51:46.963-08:00",
      "Id": -2147483648
    },
    {
      "Message": "",
      "PostedDate": "2013-05-15T18:55:45.487-07:00",
      "Id": -2147483648
    },
    {
      "Message": "",
      "PostedDate": "2017-12-08T02:15:53.513-08:00",
      "Id": -2147483648
    }
  ]
}