{
  "WorkItem": {
    "AffectedComponent": {
      "Name": "",
      "DisplayName": ""
    },
    "ClosedComment": "Solved",
    "ClosedDate": "2008-10-09T04:14:14.28-07:00",
    "CommentCount": 0,
    "Custom": null,
    "Description": "AssociationViewHelper.cs\n \nLine 130: return associationEndsViewHelpers[0].Points;\n \nArgumentOutOfRangeException (associationEndsViewHelpers can be empty)\n \nDiscovered when using Deserializator (Line 236: h.Points.Add(new rPoint(x, y));)\nPreviously, it worked (Points retrieved without problems).",
    "LastUpdatedDate": "2013-05-15T18:56:02.257-07:00",
    "PlannedForRelease": "",
    "ReleaseVisibleToPublic": false,
    "Priority": {
      "Name": "Low",
      "Severity": 50,
      "Id": 1
    },
    "ProjectName": "xcase",
    "ReportedDate": "2008-10-07T01:36:25.923-07:00",
    "Status": {
      "Name": "Closed",
      "Id": 4
    },
    "ReasonClosed": {
      "Name": "Unassigned"
    },
    "Summary": "ArgumentOutOfRangeException in AssociationViewHelper",
    "Type": {
      "Name": "Issue",
      "Id": 3
    },
    "VoteCount": 1,
    "Id": 2423
  },
  "FileAttachments": [],
  "Comments": []
}