{
  "WorkItem": {
    "AffectedComponent": {
      "Name": "",
      "DisplayName": ""
    },
    "ClosedComment": "",
    "ClosedDate": "2008-12-03T02:29:24.873-08:00",
    "CommentCount": 0,
    "Custom": null,
    "Description": "Example: Class1, Class2, Class3, click on Association, Drag from Class1 to Class2 and then, without leaving the Class2 with the mouse, try to drag from Class2 to Class3. Targeting Class3 is not possible.",
    "LastUpdatedDate": "2017-12-08T02:15:53.64-08:00",
    "PlannedForRelease": "",
    "ReleaseVisibleToPublic": false,
    "Priority": {
      "Name": "Low",
      "Severity": 50,
      "Id": 1
    },
    "ProjectName": "xcase",
    "ReportedDate": "2008-12-02T04:34:48.3-08:00",
    "Status": {
      "Name": "Closed",
      "Id": 4
    },
    "ReasonClosed": {
      "Name": "Unassigned"
    },
    "Summary": "When connection is dragged, one cannot drag another one from previous connection's target",
    "Type": {
      "Name": "Issue",
      "Id": 3
    },
    "VoteCount": 1,
    "Id": 2773
  },
  "FileAttachments": [],
  "Comments": [
    {
      "Message": "Resolved with changeset 18208.",
      "PostedDate": "2008-12-03T02:29:24.873-08:00",
      "Id": -2147483648
    },
    {
      "Message": "",
      "PostedDate": "2013-02-13T13:11:33.187-08:00",
      "Id": -2147483648
    },
    {
      "Message": "",
      "PostedDate": "2013-05-15T18:55:44.873-07:00",
      "Id": -2147483648
    },
    {
      "Message": "",
      "PostedDate": "2017-12-08T02:15:53.64-08:00",
      "Id": -2147483648
    }
  ]
}