{
  "WorkItem": {
    "AffectedComponent": {
      "Name": "",
      "DisplayName": ""
    },
    "ClosedComment": "Closed with changeset 18188",
    "ClosedDate": "2008-12-02T12:06:40.96-08:00",
    "CommentCount": 0,
    "Custom": null,
    "Description": "Deleting ContentChoice/Container adds its content to the end of the parent class\nIt should place it where it belongs",
    "LastUpdatedDate": "2013-05-15T18:55:48.99-07:00",
    "PlannedForRelease": "",
    "ReleaseVisibleToPublic": false,
    "Priority": {
      "Name": "Medium",
      "Severity": 100,
      "Id": 2
    },
    "ProjectName": "xcase",
    "ReportedDate": "2008-11-27T08:56:50.723-08:00",
    "Status": {
      "Name": "Closed",
      "Id": 4
    },
    "ReasonClosed": {
      "Name": "Unassigned"
    },
    "Summary": "Deleting ContentChoice/Container adds its content to the end of the parent class",
    "Type": {
      "Name": "Issue",
      "Id": 3
    },
    "VoteCount": 1,
    "Id": 2730
  },
  "FileAttachments": [],
  "Comments": [
    {
      "Message": "Commands LeaveOut* must be updated and use inserting on the previous position",
      "PostedDate": "2008-11-29T10:32:40.053-08:00",
      "Id": -2147483648
    },
    {
      "Message": "",
      "PostedDate": "2008-12-02T12:06:40.96-08:00",
      "Id": -2147483648
    },
    {
      "Message": "",
      "PostedDate": "2013-02-13T13:11:38.823-08:00",
      "Id": -2147483648
    },
    {
      "Message": "",
      "PostedDate": "2013-05-15T18:55:48.99-07:00",
      "Id": -2147483648
    }
  ]
}