{
  "WorkItem": {
    "AffectedComponent": {
      "Name": "",
      "DisplayName": ""
    },
    "ClosedComment": "",
    "ClosedDate": "2008-11-14T06:30:56.717-08:00",
    "CommentCount": 0,
    "Custom": null,
    "Description": "PSMAttributes cannot be moved back from AttributeContainer",
    "LastUpdatedDate": "2017-12-08T02:15:50.92-08:00",
    "PlannedForRelease": "",
    "ReleaseVisibleToPublic": false,
    "Priority": {
      "Name": "Medium",
      "Severity": 100,
      "Id": 2
    },
    "ProjectName": "xcase",
    "ReportedDate": "2008-11-12T13:39:46.46-08:00",
    "Status": {
      "Name": "Closed",
      "Id": 4
    },
    "ReasonClosed": {
      "Name": "Unassigned"
    },
    "Summary": "PSMAttributes cannot be moved back from AttributeContainer",
    "Type": {
      "Name": "Issue",
      "Id": 3
    },
    "VoteCount": 1,
    "Id": 2571
  },
  "FileAttachments": [],
  "Comments": [
    {
      "Message": "Resolved with changeset 17816.",
      "PostedDate": "2008-11-14T06:30:56.717-08:00",
      "Id": -2147483648
    },
    {
      "Message": "",
      "PostedDate": "2013-02-13T13:11:47.823-08:00",
      "Id": -2147483648
    },
    {
      "Message": "",
      "PostedDate": "2013-05-15T18:55:56.857-07:00",
      "Id": -2147483648
    },
    {
      "Message": "",
      "PostedDate": "2017-12-08T02:15:50.92-08:00",
      "Id": -2147483648
    }
  ]
}