{
  "WorkItem": {
    "AffectedComponent": {
      "Name": "User interface",
      "DisplayName": "User interface"
    },
    "ClosedComment": "Project created and moved to Model.",
    "ClosedDate": "2008-11-13T04:28:36.177-08:00",
    "CommentCount": 0,
    "Custom": null,
    "Description": "Create a class representing a user project and bind its management to the GUI.\nA project contains:\n- diagrams (instances of the Diagram class)\n- model (instance of the UMLModel.Schema class)\n- generated XML schemas",
    "LastUpdatedDate": "2013-05-15T18:56:03.813-07:00",
    "PlannedForRelease": "",
    "ReleaseVisibleToPublic": false,
    "Priority": {
      "Name": "Medium",
      "Severity": 100,
      "Id": 2
    },
    "ProjectName": "xcase",
    "ReportedDate": "2008-06-09T08:07:16.223-07:00",
    "Status": {
      "Name": "Closed",
      "Id": 4
    },
    "ReasonClosed": {
      "Name": "Unassigned"
    },
    "Summary": "XCase user project infrastructure",
    "Type": {
      "Name": "Feature",
      "Id": 1
    },
    "VoteCount": 1,
    "Id": 1299
  },
  "FileAttachments": [],
  "Comments": [
    {
      "Message": "Associated with changeset 9924.",
      "PostedDate": "2008-06-14T15:02:13.42-07:00",
      "Id": -2147483648
    },
    {
      "Message": "Associated with changeset 11506.",
      "PostedDate": "2008-07-07T04:36:05.157-07:00",
      "Id": -2147483648
    },
    {
      "Message": "Associated with changeset 12340.",
      "PostedDate": "2008-07-23T12:17:26.877-07:00",
      "Id": -2147483648
    },
    {
      "Message": "Associated with changeset 14695.",
      "PostedDate": "2008-08-20T07:19:21.77-07:00",
      "Id": -2147483648
    },
    {
      "Message": "",
      "PostedDate": "2008-09-14T04:47:12.403-07:00",
      "Id": -2147483648
    },
    {
      "Message": "Associated with changeset 16934.",
      "PostedDate": "2008-10-08T05:38:59.773-07:00",
      "Id": -2147483648
    },
    {
      "Message": "Associated with changeset 16968.",
      "PostedDate": "2008-10-09T04:22:23.32-07:00",
      "Id": -2147483648
    },
    {
      "Message": "",
      "PostedDate": "2008-10-09T06:15:15.58-07:00",
      "Id": -2147483648
    },
    {
      "Message": "Associated with changeset 17112.",
      "PostedDate": "2008-10-14T05:04:52.01-07:00",
      "Id": -2147483648
    },
    {
      "Message": "",
      "PostedDate": "2008-11-13T04:28:36.177-08:00",
      "Id": -2147483648
    },
    {
      "Message": "",
      "PostedDate": "2013-02-13T13:11:56.423-08:00",
      "Id": -2147483648
    },
    {
      "Message": "",
      "PostedDate": "2013-05-15T18:56:03.813-07:00",
      "Id": -2147483648
    }
  ]
}