{
  "WorkItem": {
    "AffectedComponent": {
      "Name": "",
      "DisplayName": ""
    },
    "ClosedComment": "",
    "ClosedDate": "2008-12-01T03:52:15.493-08:00",
    "CommentCount": 0,
    "Custom": null,
    "Description": "When connection is dragged, \"Hand\" mouse cursor is never shown again when draging elements onto a diagram",
    "LastUpdatedDate": "2017-12-08T02:15:52.36-08:00",
    "PlannedForRelease": "",
    "ReleaseVisibleToPublic": false,
    "Priority": {
      "Name": "Low",
      "Severity": 50,
      "Id": 1
    },
    "ProjectName": "xcase",
    "ReportedDate": "2008-11-24T14:59:46.78-08:00",
    "Status": {
      "Name": "Closed",
      "Id": 4
    },
    "ReasonClosed": {
      "Name": "Unassigned"
    },
    "Summary": "When connection is dragged, \"Hand\" mouse cursor is never shown again when draging elements onto a diagram",
    "Type": {
      "Name": "Issue",
      "Id": 3
    },
    "VoteCount": 1,
    "Id": 2711
  },
  "FileAttachments": [],
  "Comments": [
    {
      "Message": "Resolved with changeset 18152.",
      "PostedDate": "2008-12-01T03:52:15.493-08:00",
      "Id": -2147483648
    },
    {
      "Message": "",
      "PostedDate": "2013-02-13T13:11:40.86-08:00",
      "Id": -2147483648
    },
    {
      "Message": "",
      "PostedDate": "2013-05-15T18:55:50.657-07:00",
      "Id": -2147483648
    },
    {
      "Message": "",
      "PostedDate": "2017-12-08T02:15:52.36-08:00",
      "Id": -2147483648
    }
  ]
}