{
  "WorkItem": {
    "AffectedComponent": {
      "Name": "View",
      "DisplayName": "View"
    },
    "ClosedComment": "",
    "ClosedDate": "2008-10-09T06:07:04.617-07:00",
    "CommentCount": 0,
    "Custom": null,
    "Description": "ClassUnion and ContentChoice now appear as a diamond.\n \nTODO: Make it look different, possibly like in Matrin's examples.",
    "LastUpdatedDate": "2013-05-15T18:56:02.397-07:00",
    "PlannedForRelease": "",
    "ReleaseVisibleToPublic": false,
    "Priority": {
      "Name": "Medium",
      "Severity": 100,
      "Id": 2
    },
    "ProjectName": "xcase",
    "ReportedDate": "2008-09-19T00:21:04.65-07:00",
    "Status": {
      "Name": "Closed",
      "Id": 4
    },
    "ReasonClosed": {
      "Name": "Unassigned"
    },
    "Summary": "Adjustment of ClassUnion and ContentChoice appereance",
    "Type": {
      "Name": "Feature",
      "Id": 1
    },
    "VoteCount": 1,
    "Id": 2348
  },
  "FileAttachments": [],
  "Comments": [
    {
      "Message": "Resolved with changeset 16972.",
      "PostedDate": "2008-10-09T06:07:04.617-07:00",
      "Id": -2147483648
    },
    {
      "Message": "",
      "PostedDate": "2013-02-13T13:11:54.673-08:00",
      "Id": -2147483648
    },
    {
      "Message": "",
      "PostedDate": "2013-05-15T18:56:02.397-07:00",
      "Id": -2147483648
    }
  ]
}