{
  "WorkItem": {
    "AffectedComponent": {
      "Name": "User interface",
      "DisplayName": "User interface"
    },
    "ClosedComment": "New docking component solves this. ",
    "ClosedDate": "2009-10-12T03:38:15.597-07:00",
    "CommentCount": 0,
    "Custom": null,
    "Description": "Wrong diagram is used as ActiveDiagram when I do this: \n \n1) New Project\n2) in PSM Diagram1 drag new Class1 and Class2\n3) create PSM Diagram2 and drag existing Class2 onto the Canvas\n4) Go back to PSM Diagram1, select Class1 and Class2 \n5) Click on \"Associate\"\n \nNew association should be created between C1 and C2 on the first diagram but instead system still has the second diagram as active and a self-reference association (C2-C2) is created on the diagram2, because C2 was selected on diagram 2.\n \nAnother similar problem: \n1) New project \n2) Drag new Class1\n3) New PIM diagram\n4) Drag C1 to diagram 2 from navigator\n5) Go back to diagram 1\n6) Try dragging another class - UI switches to Diagram 2 for no reason, but C2 is added to Diagram 1. When C2 is clicked, exception is thrown!",
    "LastUpdatedDate": "2013-05-15T18:55:37.54-07:00",
    "PlannedForRelease": "",
    "ReleaseVisibleToPublic": false,
    "Priority": {
      "Name": "High",
      "Severity": 150,
      "Id": 3
    },
    "ProjectName": "xcase",
    "ReportedDate": "2009-04-17T09:49:46.157-07:00",
    "Status": {
      "Name": "Closed",
      "Id": 4
    },
    "ReasonClosed": {
      "Name": "Unassigned"
    },
    "Summary": "DockingLibrary ActiveDiagram Issue",
    "Type": {
      "Name": "Issue",
      "Id": 3
    },
    "VoteCount": 1,
    "Id": 3570
  },
  "FileAttachments": [],
  "Comments": []
}