{
  "WorkItem": {
    "AffectedComponent": {
      "Name": "View",
      "DisplayName": "View"
    },
    "ClosedComment": "",
    "ClosedDate": "2008-12-16T15:21:41.037-08:00",
    "CommentCount": 0,
    "Custom": null,
    "Description": "This causes problem with serialization. Comments are not meant to be commented.",
    "LastUpdatedDate": "2017-12-08T02:07:41.097-08:00",
    "PlannedForRelease": "",
    "ReleaseVisibleToPublic": false,
    "Priority": {
      "Name": "Medium",
      "Severity": 100,
      "Id": 2
    },
    "ProjectName": "xcase",
    "ReportedDate": "2008-12-16T06:09:44.213-08:00",
    "Status": {
      "Name": "Closed",
      "Id": 4
    },
    "ReasonClosed": {
      "Name": "Unassigned"
    },
    "Summary": "Comments should not be allowed to have comments",
    "Type": {
      "Name": "Issue",
      "Id": 3
    },
    "VoteCount": 1,
    "Id": 2871
  },
  "FileAttachments": [],
  "Comments": [
    {
      "Message": "Resolved with changeset 19303.",
      "PostedDate": "2008-12-16T15:21:41.037-08:00",
      "Id": -2147483648
    },
    {
      "Message": "",
      "PostedDate": "2013-02-13T13:11:24.893-08:00",
      "Id": -2147483648
    },
    {
      "Message": "",
      "PostedDate": "2013-05-15T18:55:38.48-07:00",
      "Id": -2147483648
    },
    {
      "Message": "",
      "PostedDate": "2017-12-08T02:07:41.097-08:00",
      "Id": -2147483648
    }
  ]
}