{
  "WorkItem": {
    "AffectedComponent": {
      "Name": "",
      "DisplayName": ""
    },
    "ClosedComment": "",
    "ClosedDate": "2008-12-06T07:55:17.91-08:00",
    "CommentCount": 0,
    "Custom": null,
    "Description": "Repro steps:\n1) new PIM class\n2) derive\n3) delete subtree\n4) undo delete subtree\n5) undo derive\n6) redo derive\n \nException caused by nonexisting ViewHelper in Diagram.DiagramElements in PanelWindow.BindToDiagram, line 91",
    "LastUpdatedDate": "2017-12-08T02:07:40.33-08:00",
    "PlannedForRelease": "",
    "ReleaseVisibleToPublic": false,
    "Priority": {
      "Name": "Medium",
      "Severity": 100,
      "Id": 2
    },
    "ProjectName": "xcase",
    "ReportedDate": "2008-12-05T05:16:54.17-08:00",
    "Status": {
      "Name": "Closed",
      "Id": 4
    },
    "ReasonClosed": {
      "Name": "Unassigned"
    },
    "Summary": "RemoveFromPSMDiagramCommand issue?",
    "Type": {
      "Name": "Issue",
      "Id": 3
    },
    "VoteCount": 1,
    "Id": 2802
  },
  "FileAttachments": [],
  "Comments": [
    {
      "Message": "There is a problem with redoing AddPSMDiagramCommand - it creates another new diagram whereas it should return the old one deleted in undo.",
      "PostedDate": "2008-12-05T10:27:58.56-08:00",
      "Id": -2147483648
    },
    {
      "Message": "I don't think ths is  the case. the line\r\nif (Diagram == null) Diagram = new PSMDiagram(NameSuggestor<PSMDiagram>.SuggestUniqueName(Project.PSMDiagrams, \"PSM Diagram\", diagram => diagram.Caption));\r\nchecks whether it is the firs time (CommandOperation) or another time (RedoOperation) in which case it returns the existing diagram.\r\n\r\nAnd it works fine if DeleteSubtree is not used\r\n",
      "PostedDate": "2008-12-05T23:36:11.727-08:00",
      "Id": -2147483648
    },
    {
      "Message": "And, when the exception occurs, the diagram already has 1 root (but empty DiagramElements - Exception) but it should be emptied by the RemoveFromPSMDiagramCommand",
      "PostedDate": "2008-12-05T23:40:28.13-08:00",
      "Id": -2147483648
    },
    {
      "Message": "",
      "PostedDate": "2008-12-05T23:40:28.787-08:00",
      "Id": -2147483648
    },
    {
      "Message": "removeFromRootsIndex of the root class is 0 when it should be -1... this starts to seem like a model issue :P",
      "PostedDate": "2008-12-05T23:44:24.473-08:00",
      "Id": -2147483648
    },
    {
      "Message": "my bad... this is ok, it shoud be 0...",
      "PostedDate": "2008-12-05T23:47:50.173-08:00",
      "Id": -2147483648
    },
    {
      "Message": "Roots collection is changed between AddPSMDiagram Undo and Redo from empty to nonempty...",
      "PostedDate": "2008-12-05T23:52:45.063-08:00",
      "Id": -2147483648
    },
    {
      "Message": "Ahh... the problem is in the derivation command... I will take a look at that.",
      "PostedDate": "2008-12-06T00:03:26.997-08:00",
      "Id": -2147483648
    },
    {
      "Message": "",
      "PostedDate": "2008-12-06T00:03:27.623-08:00",
      "Id": -2147483648
    },
    {
      "Message": "Resolved with changeset 18298.",
      "PostedDate": "2008-12-06T07:55:17.91-08:00",
      "Id": -2147483648
    },
    {
      "Message": "",
      "PostedDate": "2013-02-13T13:11:30.77-08:00",
      "Id": -2147483648
    },
    {
      "Message": "",
      "PostedDate": "2013-05-15T18:55:42.933-07:00",
      "Id": -2147483648
    },
    {
      "Message": "",
      "PostedDate": "2017-12-08T02:07:40.33-08:00",
      "Id": -2147483648
    }
  ]
}