{
  "WorkItem": {
    "AffectedComponent": {
      "Name": "Controller",
      "DisplayName": "Controller"
    },
    "ClosedComment": "",
    "ClosedDate": "2008-12-11T23:49:46.557-08:00",
    "CommentCount": 0,
    "Custom": null,
    "Description": "Menu item Convert to structural representative is always enabled, even when there is not another class to represent.",
    "LastUpdatedDate": "2017-12-08T02:07:40.84-08:00",
    "PlannedForRelease": "",
    "ReleaseVisibleToPublic": false,
    "Priority": {
      "Name": "Medium",
      "Severity": 100,
      "Id": 2
    },
    "ProjectName": "xcase",
    "ReportedDate": "2008-12-11T14:23:54.223-08:00",
    "Status": {
      "Name": "Closed",
      "Id": 4
    },
    "ReasonClosed": {
      "Name": "Unassigned"
    },
    "Summary": "Menu item Convert to structural representative is always enabled, even when there is not another class to represent.",
    "Type": {
      "Name": "Issue",
      "Id": 3
    },
    "VoteCount": 0,
    "Id": 2848
  },
  "FileAttachments": [],
  "Comments": [
    {
      "Message": "Resolved with changeset 18517.",
      "PostedDate": "2008-12-11T23:49:46.557-08:00",
      "Id": -2147483648
    },
    {
      "Message": "",
      "PostedDate": "2013-02-13T13:11:26.06-08:00",
      "Id": -2147483648
    },
    {
      "Message": "",
      "PostedDate": "2013-05-15T18:55:39.177-07:00",
      "Id": -2147483648
    },
    {
      "Message": "",
      "PostedDate": "2017-12-08T02:07:40.84-08:00",
      "Id": -2147483648
    }
  ]
}