{
  "WorkItem": {
    "AffectedComponent": {
      "Name": "",
      "DisplayName": ""
    },
    "ClosedComment": "",
    "ClosedDate": "2008-12-10T13:48:37.5-08:00",
    "CommentCount": 0,
    "Custom": null,
    "Description": "AddPSMChildrenCommand has to fill the PSMAssociation.UsedGeneralizations and accordingly Generalization.ReferencingAssociations",
    "LastUpdatedDate": "2017-12-08T02:07:40.167-08:00",
    "PlannedForRelease": "",
    "ReleaseVisibleToPublic": false,
    "Priority": {
      "Name": "Medium",
      "Severity": 100,
      "Id": 2
    },
    "ProjectName": "xcase",
    "ReportedDate": "2008-12-03T22:33:59.22-08:00",
    "Status": {
      "Name": "Closed",
      "Id": 4
    },
    "ReasonClosed": {
      "Name": "Unassigned"
    },
    "Summary": "Generalization use checking and registering",
    "Type": {
      "Name": "Feature",
      "Id": 1
    },
    "VoteCount": 1,
    "Id": 2798
  },
  "FileAttachments": [],
  "Comments": [
    {
      "Message": "Associated with changeset 18387.",
      "PostedDate": "2008-12-10T11:58:46.82-08:00",
      "Id": -2147483648
    },
    {
      "Message": "Resolved with changeset 18390.",
      "PostedDate": "2008-12-10T13:48:37.5-08:00",
      "Id": -2147483648
    },
    {
      "Message": "",
      "PostedDate": "2013-02-13T13:11:31.29-08:00",
      "Id": -2147483648
    },
    {
      "Message": "",
      "PostedDate": "2013-05-15T18:55:43.32-07:00",
      "Id": -2147483648
    },
    {
      "Message": "",
      "PostedDate": "2017-12-08T02:07:40.167-08:00",
      "Id": -2147483648
    }
  ]
}