{
  "WorkItem": {
    "AffectedComponent": {
      "Name": "",
      "DisplayName": ""
    },
    "ClosedComment": "Collections ready, implementation of connection management has its own issue",
    "ClosedDate": "2008-12-10T11:51:29.293-08:00",
    "CommentCount": 0,
    "Custom": null,
    "Description": "Generalizations should be aware of referencing PSMAttributes and PSMAssociations\nShould the filling of this property be in model or controller?",
    "LastUpdatedDate": "2013-05-15T18:55:43.46-07:00",
    "PlannedForRelease": "",
    "ReleaseVisibleToPublic": false,
    "Priority": {
      "Name": "Medium",
      "Severity": 100,
      "Id": 2
    },
    "ProjectName": "xcase",
    "ReportedDate": "2008-12-03T22:32:32.003-08:00",
    "Status": {
      "Name": "Closed",
      "Id": 4
    },
    "ReasonClosed": {
      "Name": "Unassigned"
    },
    "Summary": "Generalizations should be aware of referencing PSMAttributes and PSMAssociations",
    "Type": {
      "Name": "Feature",
      "Id": 1
    },
    "VoteCount": 1,
    "Id": 2797
  },
  "FileAttachments": [],
  "Comments": [
    {
      "Message": "Associated with changeset 18383.",
      "PostedDate": "2008-12-10T07:09:20.34-08:00",
      "Id": -2147483648
    },
    {
      "Message": "",
      "PostedDate": "2008-12-10T11:51:29.293-08:00",
      "Id": -2147483648
    },
    {
      "Message": "",
      "PostedDate": "2013-02-13T13:11:31.45-08:00",
      "Id": -2147483648
    },
    {
      "Message": "",
      "PostedDate": "2013-05-15T18:55:43.46-07:00",
      "Id": -2147483648
    }
  ]
}