{
  "WorkItem": {
    "AffectedComponent": {
      "Name": "",
      "DisplayName": ""
    },
    "ClosedComment": "",
    "ClosedDate": "2008-12-05T05:11:05.89-08:00",
    "CommentCount": 0,
    "Custom": null,
    "Description": "Have only one undo stack. All the changes we make are model changes and can have impact on multiple diagrams, so this would be easier, it would simplify Undo implementation (no checks necessary) and would be error-proof",
    "LastUpdatedDate": "2017-12-08T02:07:38.24-08:00",
    "PlannedForRelease": "",
    "ReleaseVisibleToPublic": false,
    "Priority": {
      "Name": "High",
      "Severity": 150,
      "Id": 3
    },
    "ProjectName": "xcase",
    "ReportedDate": "2008-11-18T00:28:21.237-08:00",
    "Status": {
      "Name": "Closed",
      "Id": 4
    },
    "ReasonClosed": {
      "Name": "Unassigned"
    },
    "Summary": "DiagramController to use ModelControllers UndoStack",
    "Type": {
      "Name": "Feature",
      "Id": 1
    },
    "VoteCount": 1,
    "Id": 2640
  },
  "FileAttachments": [],
  "Comments": [
    {
      "Message": "Resolved with changeset 18265.",
      "PostedDate": "2008-12-05T05:11:05.89-08:00",
      "Id": -2147483648
    },
    {
      "Message": "",
      "PostedDate": "2013-02-13T13:11:44.823-08:00",
      "Id": -2147483648
    },
    {
      "Message": "",
      "PostedDate": "2013-05-15T18:55:53.853-07:00",
      "Id": -2147483648
    },
    {
      "Message": "",
      "PostedDate": "2017-12-08T02:07:38.24-08:00",
      "Id": -2147483648
    }
  ]
}