{
  "WorkItem": {
    "AffectedComponent": {
      "Name": "",
      "DisplayName": ""
    },
    "ClosedComment": "",
    "ClosedDate": "2008-12-02T11:28:23.54-08:00",
    "CommentCount": 0,
    "Custom": null,
    "Description": "PSMAttributes need to know if and in which AttributeContainer they are.\n \nThis is needed for deleting derived PSM Attributes of a PIM Attribute and would be handy for RemovePSMAttribute command.",
    "LastUpdatedDate": "2017-12-08T02:11:57.597-08:00",
    "PlannedForRelease": "",
    "ReleaseVisibleToPublic": false,
    "Priority": {
      "Name": "Medium",
      "Severity": 100,
      "Id": 2
    },
    "ProjectName": "xcase",
    "ReportedDate": "2008-11-28T06:35:39.26-08:00",
    "Status": {
      "Name": "Closed",
      "Id": 4
    },
    "ReasonClosed": {
      "Name": "Unassigned"
    },
    "Summary": "PSMAttributes need to know if and in which AttributeContainer they are",
    "Type": {
      "Name": "Issue",
      "Id": 3
    },
    "VoteCount": 1,
    "Id": 2746
  },
  "FileAttachments": [],
  "Comments": [
    {
      "Message": "Resolved with changeset 18186.",
      "PostedDate": "2008-12-02T11:28:23.54-08:00",
      "Id": -2147483648
    },
    {
      "Message": "",
      "PostedDate": "2013-02-13T13:11:35.72-08:00",
      "Id": -2147483648
    },
    {
      "Message": "",
      "PostedDate": "2013-05-15T18:55:47.013-07:00",
      "Id": -2147483648
    },
    {
      "Message": "",
      "PostedDate": "2017-12-08T02:11:57.597-08:00",
      "Id": -2147483648
    }
  ]
}