{
  "WorkItem": {
    "AffectedComponent": {
      "Name": "",
      "DisplayName": ""
    },
    "ClosedComment": "Working",
    "ClosedDate": "2008-12-12T04:33:43.677-08:00",
    "CommentCount": 0,
    "Custom": null,
    "Description": "Add PIMClass.DerivedPSMClass visualisation",
    "LastUpdatedDate": "2013-05-15T18:55:49.437-07:00",
    "PlannedForRelease": "",
    "ReleaseVisibleToPublic": false,
    "Priority": {
      "Name": "Low",
      "Severity": 50,
      "Id": 1
    },
    "ProjectName": "xcase",
    "ReportedDate": "2008-11-27T08:50:07.33-08:00",
    "Status": {
      "Name": "Closed",
      "Id": 4
    },
    "ReasonClosed": {
      "Name": "Unassigned"
    },
    "Summary": "Add PIMClass.DerivedPSMClass visualisation",
    "Type": {
      "Name": "Feature",
      "Id": 1
    },
    "VoteCount": 1,
    "Id": 2727
  },
  "FileAttachments": [],
  "Comments": [
    {
      "Message": "This would be ideally displayed in Properties window: \"PSMClassName, PSMClass.Dialog.Name\"",
      "PostedDate": "2008-11-28T04:00:13.117-08:00",
      "Id": -2147483648
    },
    {
      "Message": "Associated with changeset 18099.",
      "PostedDate": "2008-11-28T05:37:12.69-08:00",
      "Id": -2147483648
    },
    {
      "Message": "started",
      "PostedDate": "2008-12-11T12:19:39.88-08:00",
      "Id": -2147483648
    },
    {
      "Message": "",
      "PostedDate": "2008-12-12T04:33:43.677-08:00",
      "Id": -2147483648
    },
    {
      "Message": "",
      "PostedDate": "2013-02-13T13:11:39.447-08:00",
      "Id": -2147483648
    },
    {
      "Message": "",
      "PostedDate": "2013-05-15T18:55:49.437-07:00",
      "Id": -2147483648
    }
  ]
}