[
  {
    "Id": "0",
    "Name": "XCase 2.0 Beta 3",
    "DevelopmentStatus": "Beta",
    "Description": "XCase 2.0 Beta 3\n\n- Moved back to Beta, more new features coming for 2.0\n- Fixed issue with upgrading of projects not working under Windows XP",
    "ReleasedDatge": "0001-01-01T00:00:00",
    "ModifiedDate": "2010-02-19T05:36:10.843-08:00",
    "Files": [
      {
        "Id": "14919514-fa23-4908-bfda-25e1268797b6",
        "FileName": "XCase-2.0.beta3.zip",
        "Url": "./0/14919514-fa23-4908-bfda-25e1268797b6",
        "Type": "Application",
        "UploadDate": "2010-02-19T05:36:10.233-08:00"
      }
    ]
  },
  {
    "Id": "1",
    "Name": "XCase 2.0 Beta",
    "DevelopmentStatus": "Beta",
    "Description": "!!! XCase version 2.0 Beta\n\n* *UPDATE 30. 9. 2009*  - Fixed bug that prevented selecting items on a diagram\n\n!!!! New features: \n\n* adding and removing classes in existing associations\n* ability to duplicate existing diagrams\n* xs:anyAttribute support in PSM Classes\n* copy and paste (limited to a scope of one project) \n* ability to have more than one version of a project. \n* more advanced docking library component\n\n!!!! Known issues\n* more dockable content in one pane show no header in tabs",
    "ReleasedDatge": "0001-01-01T00:00:00",
    "ModifiedDate": "2009-09-30T15:45:50.697-07:00",
    "Files": [
      {
        "Id": "6dd46c84-ad44-4428-bf08-53440bd6ef42",
        "FileName": "XCase.msi",
        "Url": "./1/6dd46c84-ad44-4428-bf08-53440bd6ef42",
        "Type": "Application",
        "UploadDate": "2009-09-30T13:24:07.513-07:00"
      }
    ]
  },
  {
    "Id": "2",
    "Name": "XCase 1.0.3",
    "DevelopmentStatus": "Stable",
    "Description": "This is the *final* release of *XCase 1.0.3*.\n\n* The *installer* package contains installer for Microsoft Windows, User's and Programmer's documentation and examples.\n* The *source* package contains source files, User's and Programmer's documentation and examples.\n* For separate documentation and examples, see *[release:20730]*\n* [Command line usage] or see {\"XCase-command_line_usage-1.0.2.txt\"}\n\n*Note* Microsoft .NET Framework 3.5 SP1 and Microsoft Windows Installer 3.1 are prerequisites for XCase.\nIf you do not have these installed, download the *installer* package and run *setup.exe* which will download and install all necessary files.\n\n*Note* This product is developed for Microsoft Windows XP SP2 or newer\n\n*Changes in 1.0.3*\n* Fixed bug in command line handling\n*Changes in 1.0.2*\n* Added PNG and XSD export through command line. [Command line usage]\n*Changes in 1.0.1*\n* Fixed an issue where XCase ran out of memory when adding PSM children to a project with complex PIM model.",
    "ReleasedDatge": "0001-01-01T00:00:00",
    "ModifiedDate": "2009-04-15T06:06:32.967-07:00",
    "Files": [
      {
        "Id": "c2a92a9b-ff93-4b8c-bdc5-2199509ecb97",
        "FileName": "XCase-installer-1.0.3.zip",
        "Url": "./2/c2a92a9b-ff93-4b8c-bdc5-2199509ecb97",
        "Type": "Application",
        "UploadDate": "2009-04-15T06:06:32.373-07:00"
      },
      {
        "Id": "2938d4c9-1ab3-41c6-a6c6-c34f3a620f7b",
        "FileName": "XCase 1.0.2 command line.txt",
        "Url": "./2/2938d4c9-1ab3-41c6-a6c6-c34f3a620f7b",
        "Type": "Documentation",
        "UploadDate": "2009-04-15T04:19:04.867-07:00"
      },
      {
        "Id": "71a6ca3c-a11f-41f3-89a3-82b73dbde269",
        "FileName": "XCase-source-1.0.3.zip",
        "Url": "./2/71a6ca3c-a11f-41f3-89a3-82b73dbde269",
        "Type": "Source Code",
        "UploadDate": "2009-04-15T06:06:32.733-07:00"
      }
    ]
  },
  {
    "Id": "3",
    "Name": "XCase 1.0.1",
    "DevelopmentStatus": "Stable",
    "Description": "This is the *final* release of *XCase 1.0.1*.\n\n* The *installer* package contains installer for Microsoft Windows, User's and Programmer's documentation and examples.\n* The *source* package contains source files, User's and Programmer's documentation and examples.\n\nFor separate documentation and examples, see *[release:20730]*\n\n*Note* Microsoft .NET Framework 3.5 SP1 and Microsoft Windows Installer 3.1 are prerequisites for XCase.\nIf you do not have these installed, download the *installer* package and run *setup.exe* which will download and install all necessary files.\n\n*Note* This product is developed for Microsoft Windows XP SP2 or newer\n\n*Changes in 1.0.1*\n* Fixed an issue where XCase ran out of memory when adding PSM children to a project with complex PIM model.",
    "ReleasedDatge": "0001-01-01T00:00:00",
    "ModifiedDate": "2009-04-09T13:10:04.997-07:00",
    "Files": [
      {
        "Id": "019153db-47b8-4e69-9746-f516e4751ec0",
        "FileName": "XCase-installer-1.0.1.zip",
        "Url": "./3/019153db-47b8-4e69-9746-f516e4751ec0",
        "Type": "Application",
        "UploadDate": "2009-04-09T13:02:16.08-07:00"
      },
      {
        "Id": "b918c2ca-deff-45df-aa0f-fce4c073f69f",
        "FileName": "XCase-source-1.0.1.zip",
        "Url": "./3/b918c2ca-deff-45df-aa0f-fce4c073f69f",
        "Type": "Source Code",
        "UploadDate": "2009-04-09T13:02:16.503-07:00"
      }
    ]
  },
  {
    "Id": "4",
    "Name": "XCase 1.0",
    "DevelopmentStatus": "Stable",
    "Description": "This is the *final* release of *XCase 1.0*.\n\n* The *installer* package contains installer for Microsoft Windows, User's and Programmer's documentation and examples.\n* The *source* package contains source files, User's and Programmer's documentation and examples.\n* The *examples* package contains a few XCase XML project files\n* The *CD image* file contains full XCase 1.0 installation CD including all other files\n\n*Note* Microsoft .NET Framework 3.5 SP1 and Microsoft Windows Installer 3.1 are prerequisites for XCase.\nIf you do not have these installed, download the *installer* package and run *setup.exe* which will download and install all necessary files.\n\n*Note* This product is developed for Microsoft Windows XP SP2 or newer",
    "ReleasedDatge": "0001-01-01T00:00:00",
    "ModifiedDate": "2008-12-18T23:22:40.43-08:00",
    "Files": [
      {
        "Id": "e2861e46-da32-40b7-a9d1-380bb70de6e7",
        "FileName": "XCase-1.0.zip",
        "Url": "./4/e2861e46-da32-40b7-a9d1-380bb70de6e7",
        "Type": "Application",
        "UploadDate": "2008-12-18T13:41:13.46-08:00"
      },
      {
        "Id": "bbcc0adb-33d1-4d2f-8852-b4c020e1f1cc",
        "FileName": "XCaseProgrammersGuide.pdf",
        "Url": "./4/bbcc0adb-33d1-4d2f-8852-b4c020e1f1cc",
        "Type": "Documentation",
        "UploadDate": "2008-12-18T13:41:13.927-08:00"
      },
      {
        "Id": "104b30c7-9f73-4b05-b90d-7ae8f1a8a0f0",
        "FileName": "XCase.zip",
        "Url": "./4/104b30c7-9f73-4b05-b90d-7ae8f1a8a0f0",
        "Type": "Source Code",
        "UploadDate": "2008-12-18T13:41:19.71-08:00"
      },
      {
        "Id": "33a714c4-5373-4110-8151-51d4d2e7b49b",
        "FileName": "XCaseUsersGuide.pdf",
        "Url": "./4/33a714c4-5373-4110-8151-51d4d2e7b49b",
        "Type": "Documentation",
        "UploadDate": "2008-12-18T13:51:20.19-08:00"
      },
      {
        "Id": "731d7b4b-bb0e-4c04-95f9-82fefade5f76",
        "FileName": "XCaseGeneratedDocumentation.chm",
        "Url": "./4/731d7b4b-bb0e-4c04-95f9-82fefade5f76",
        "Type": "Documentation",
        "UploadDate": "2008-12-18T13:51:21.55-08:00"
      },
      {
        "Id": "4593ab4b-d4b9-4d16-b946-f23af39c57e2",
        "FileName": "Examples.zip",
        "Url": "./4/4593ab4b-d4b9-4d16-b946-f23af39c57e2",
        "Type": "Example",
        "UploadDate": "2008-12-18T14:13:48.67-08:00"
      },
      {
        "Id": "465a8117-69fe-4d8d-a897-1e4a4dbbac92",
        "FileName": "XCase.iso",
        "Url": "./4/465a8117-69fe-4d8d-a897-1e4a4dbbac92",
        "Type": "Application",
        "UploadDate": "2008-12-18T14:13:50.233-08:00"
      }
    ]
  },
  {
    "Id": "5",
    "Name": "XCase 1.0.4",
    "DevelopmentStatus": "Planning",
    "Description": "To be done in this release:\n* Fix deleting Content Container ([workitem:3638])\n* Disable resizing of Content Container ([workitem:3551])",
    "ReleasedDatge": "0001-01-01T00:00:00",
    "ModifiedDate": "2009-05-12T02:38:52.36-07:00",
    "Files": []
  },
  {
    "Id": "6",
    "Name": "XCase 2.0 Alpha 4",
    "DevelopmentStatus": "Alpha",
    "Description": "! What's new\n* Reverse-engineering of PSM diagrams from XML Schema _(experimental)_\n** supports some basic XML Schema constructs\n** creates a dummy PIM class to which all the new PSM classes are mapped to (compatibility reasons)\n* Mapping of PSM components to PIM components _(experimental)_\n** when you use this on a PSM diagram created by the previous XSD=>PSM mapping process, you can delete the dummy PIM class as well as the original PSM diagram as a new one is created with correctly mapped classes\n* Versioning _(experimental)_\n* Zoom\n* Some bugfixes\n\n_Experimental parts are implemented for use in our research papers only, contain bugs and are not finished. Therefore the ALPHA status_\n\n! Known issues and TODOs\n* bugs shown in the Issue Tracker\n* we will change the PSM in the future so it reflects our recent papers",
    "ReleasedDatge": "0001-01-01T00:00:00",
    "ModifiedDate": "2010-05-05T04:06:12.687-07:00",
    "Files": [
      {
        "Id": "cb7931d2-41f8-492f-bbcb-c01625f2a8d8",
        "FileName": "XCase-2.0.alpha4.zip",
        "Url": "./6/cb7931d2-41f8-492f-bbcb-c01625f2a8d8",
        "Type": "Application",
        "UploadDate": "2010-05-05T04:06:09.327-07:00"
      }
    ]
  }
]