[
  {
    "Title": "Cross-diagram references",
    "Id": "297641",
    "ParentWikiTitle": "Documentation",
    "FileExtension": "codeplexwiki",
    "UpdatedDate": "2010-07-31T03:43:14.44-07:00",
    "FileAttachments": []
  },
  {
    "Title": "Development wiki",
    "Id": "297622",
    "ParentWikiTitle": "Documentation",
    "FileExtension": "codeplexwiki",
    "UpdatedDate": "2010-07-31T03:06:20.04-07:00",
    "FileAttachments": []
  },
  {
    "Title": "Home",
    "Id": "266565",
    "ParentWikiTitle": "Home",
    "FileExtension": "codeplexwiki",
    "UpdatedDate": "2010-05-05T04:34:34.407-07:00",
    "FileAttachments": []
  },
  {
    "Title": "Documentation",
    "Id": "211653",
    "ParentWikiTitle": "Documentation",
    "FileExtension": "codeplexwiki",
    "UpdatedDate": "2009-11-23T03:41:04.407-08:00",
    "FileAttachments": []
  },
  {
    "Title": "Command line usage",
    "Id": "155118",
    "ParentWikiTitle": "Home",
    "FileExtension": "codeplexwiki",
    "UpdatedDate": "2009-04-15T04:14:18.107-07:00",
    "FileAttachments": []
  },
  {
    "Title": "ViewHelpers",
    "Id": "129654",
    "ParentWikiTitle": "Development wiki",
    "FileExtension": "codeplexwiki",
    "UpdatedDate": "2008-12-16T04:27:44.713-08:00",
    "FileAttachments": [
      {
        "Id": "d5ffc4ca-2dd3-496c-9822-47fec00e5912",
        "FileName": "ViewHelperInheritanceDiagram.png",
        "DownloadUri": "./129654/d5ffc4ca-2dd3-496c-9822-47fec00e5912"
      }
    ]
  },
  {
    "Title": "Command factories",
    "Id": "129652",
    "ParentWikiTitle": "Development wiki",
    "FileExtension": "codeplexwiki",
    "UpdatedDate": "2008-12-16T04:25:40.757-08:00",
    "FileAttachments": [
      {
        "Id": "59469e5f-f186-41cb-856b-944cad247796",
        "FileName": "CommandFactoryInheritanceDiagram.png",
        "DownloadUri": "./129652/59469e5f-f186-41cb-856b-944cad247796"
      }
    ]
  },
  {
    "Title": "Setup",
    "Id": "129650",
    "ParentWikiTitle": "Development wiki",
    "FileExtension": "codeplexwiki",
    "UpdatedDate": "2008-12-16T04:20:36.387-08:00",
    "FileAttachments": [
      {
        "Id": "678fa0a2-da27-42bd-b864-ab438f68c3f2",
        "FileName": "XCase Banner.jpg",
        "DownloadUri": "./129650/678fa0a2-da27-42bd-b864-ab438f68c3f2"
      },
      {
        "Id": "a8b806de-e405-490c-b439-4e619849e056",
        "FileName": "X.ico",
        "DownloadUri": "./129650/a8b806de-e405-490c-b439-4e619849e056"
      }
    ]
  },
  {
    "Title": "MVC",
    "Id": "129630",
    "ParentWikiTitle": "Development wiki",
    "FileExtension": "codeplexwiki",
    "UpdatedDate": "2008-12-16T01:33:17.2-08:00",
    "FileAttachments": []
  },
  {
    "Title": "Commands",
    "Id": "128595",
    "ParentWikiTitle": "Development wiki",
    "FileExtension": "codeplexwiki",
    "UpdatedDate": "2008-12-10T00:01:29.197-08:00",
    "FileAttachments": [
      {
        "Id": "e8f2ec58-467d-4ad3-87c1-ea8bd6e67dfe",
        "FileName": "CommandsInheritanceDiagram.png",
        "DownloadUri": "./128595/e8f2ec58-467d-4ad3-87c1-ea8bd6e67dfe"
      }
    ]
  },
  {
    "Title": "Controllers",
    "Id": "128592",
    "ParentWikiTitle": "Development wiki",
    "FileExtension": "codeplexwiki",
    "UpdatedDate": "2008-12-09T23:35:54.257-08:00",
    "FileAttachments": [
      {
        "Id": "98cd7ada-4adc-46a7-804a-2453ddc4a985",
        "FileName": "ControllerInheritanceDiagram.png",
        "DownloadUri": "./128592/98cd7ada-4adc-46a7-804a-2453ddc4a985"
      }
    ]
  },
  {
    "Title": "XCase drawing framework",
    "Id": "119763",
    "ParentWikiTitle": "Development wiki",
    "FileExtension": "codeplexwiki",
    "UpdatedDate": "2008-10-27T13:14:02.773-07:00",
    "FileAttachments": []
  },
  {
    "Title": "Representing elements of diagrams",
    "Id": "116169",
    "ParentWikiTitle": "Development wiki",
    "FileExtension": "codeplexwiki",
    "UpdatedDate": "2008-10-08T03:13:08.783-07:00",
    "FileAttachments": []
  }
]
